[04Jul2026 18:23:05.901] [main/INFO] [Arclight/]: 

       ___           ___     __   /\
      /   | ________/ (_)__ / /  / /
     / /| |/ __/ __/ / / _ / _ \/__/
    / ___ / / / /_/ / / / / // / /
   /_/  |/_/  \__/_/_/\_ /_//_/ /
                     /__/     \/

    Version 诸王 (Feudal Kings) / arclight-1.21.1-1.0.2-SNAPSHOT-0769551
    Build Date 2026-05-09 08:50:30

[04Jul2026 18:23:05.925] [main/INFO] [cpw.mods.modlauncher.Launcher/MODLAUNCHER]: ModLauncher running: args [--launchTarget, arclightserver, --fml.neoForgeVersion, 21.1.228, --fml.fmlVersion, 4.0.42, --fml.mcVersion, 1.21.1, --fml.neoFormVersion, 20240808.144430, nogui]
[04Jul2026 18:23:05.926] [main/INFO] [cpw.mods.modlauncher.Launcher/MODLAUNCHER]: JVM identified as Eclipse Adoptium OpenJDK 64-Bit Server VM 21.0.8+9-LTS
[04Jul2026 18:23:05.926] [main/INFO] [cpw.mods.modlauncher.Launcher/MODLAUNCHER]: ModLauncher 11.0.5+main.901c6ea8 starting: java version 21.0.8 by Eclipse Adoptium; OS Windows 11 arch amd64 version 10.0
[04Jul2026 18:23:06.798] [main/INFO] [net.neoforged.fml.loading.ImmediateWindowHandler/]: ImmediateWindowProvider not loading because launch target is arclightserver
[04Jul2026 18:23:06.865] [main/INFO] [mixin/]: SpongePowered MIXIN Subsystem Version=0.8.7 Source=union:/C:/Users/buceda/Documents/GitHub/plomeros/plomeros-mc/libraries/net/fabricmc/sponge-mixin/0.15.2+mixin.0.8.7/sponge-mixin-0.15.2+mixin.0.8.7.jar%23105!/ Service=ModLauncher Env=SERVER
[04Jul2026 18:23:07.084] [main/WARN] [net.neoforged.fml.loading.moddiscovery.ModDiscoverer/SCAN]: Skipping jar. File C:\Users\buceda\Documents\GitHub\plomeros\plomeros-mc\mods\- dependency-bclib-21.0.13-1.21.1-fabric.jar is a Fabric mod and cannot be loaded
[04Jul2026 18:23:07.133] [main/WARN] [net.neoforged.fml.loading.moddiscovery.ModDiscoverer/SCAN]: Skipping jar. File C:\Users\buceda\Documents\GitHub\plomeros\plomeros-mc\mods\- dependency-worldweaver-21.0.13-1.21.1-fabric.jar is a Fabric mod and cannot be loaded
[04Jul2026 18:23:07.134] [main/WARN] [net.neoforged.fml.loading.moddiscovery.ModDiscoverer/SCAN]: Skipping jar. File C:\Users\buceda\Documents\GitHub\plomeros\plomeros-mc\mods\- dependency-wunderlib-21.0.8-1.21.1-fabric.jar is a Fabric mod and cannot be loaded
[04Jul2026 18:23:07.206] [main/WARN] [net.neoforged.fml.loading.moddiscovery.ModDiscoverer/SCAN]: Skipping jar. File C:\Users\buceda\Documents\GitHub\plomeros\plomeros-mc\mods\better-end-21.0.11-1.21.1-neoforge.jar is a Fabric mod and cannot be loaded
[04Jul2026 18:23:07.215] [main/WARN] [net.neoforged.fml.loading.moddiscovery.ModDiscoverer/SCAN]: Skipping jar. File C:\Users\buceda\Documents\GitHub\plomeros\plomeros-mc\mods\better-nether-21.0.11-1.21.1-neoforge.jar is a Fabric mod and cannot be loaded
[04Jul2026 18:23:07.989] [main/WARN] [net.neoforged.jarjar.selection.JarSelector/]: Attempted to select a dependency jar for JarJar which was passed in as source: library:net.fabricmc.loader. Using Mod File: \~nonexistent
[04Jul2026 18:23:07.989] [main/INFO] [net.neoforged.fml.loading.moddiscovery.locators.JarInJarDependencyLocator/]: Found 88 dependencies adding them to mods collection
[04Jul2026 18:23:09.083] [main/INFO] [org.sinytra.connector.locator.DependencyResolver/]: Dependency resolution found 21 candidates to load
[04Jul2026 18:23:09.877] [main/INFO] [net.neoforged.fml.loading.moddiscovery.locators.JarInJarDependencyLocator/]: Found 2 dependencies adding them to mods collection
[04Jul2026 18:23:09.881] [main/INFO] [net.neoforged.fml.loading.moddiscovery.ModDiscoverer/]: 
     Mod List:
		Name Version (Mod Id)

		Accessories 1.1.0-beta.52+1.21.1 (accessories)
		AdoraBuild: Structures 2.11.0 (adorabuild_structures)
		AllTheOres 3.1.8 (alltheores)
		Amendments 1.21-2.0.13 (amendments)
		Applied Energistics 2 19.2.17 (ae2)
		Aquaculture 2 2.7.17 (aquaculture)
		Architectury 13.0.8 (architectury)
		Arclight Mod 1.0.2-SNAPSHOT+0769551 (arclight)
		Armourer's Workshop 3.2.7-beta (armourers_workshop)
		Arthropod Phobia Expansions 4.7 (arphex)
		atistructures 1.4.0 (atistructures)
		Atlas Lib 1.21.0-1.1.14 (atlaslib)
		BCLib 21.0.13 (bclib)
		Ben's Sharks 1.2.6 (benssharks)
		Bendy lib 5.1 (bendylib)
		Better End 21.0.11 (betterend)
		Better Nether 21.0.11 (betternether)
		Born in Chaos  1.7.3 (born_in_chaos_v1)
		ChoiceTheorem's Overhauled Village 3.6.0 (ctov)
		Chunky 1.4.23 (chunky)
		Cloth Config v15 API 15.0.140 (cloth_config)
		Cobblemon 1.7.1+1.21.1 (cobblemon)
		Cobblemon Battle Extras 1.6.17 (cobblemon_battle_extras)
		Cobblemon Fight or Flight 0.10.4 (fightorflight)
		Cobblemon Gacha Machine 1.5.4 (cobblegachamachine)
		Cobblemon:Mega Showdown 1.5+1.7.1+1.21.1 (mega_showdown)
		Cobblenav 2.2.5 (cobblenav)
		Common Networking 1.0.18-1.21.1 (commonnetworking)
		Companions! 1.2.0 (companions)
		Connector Extras 1.12.1+1.21.1 (connectorextras)
		Connector Extras EMI Bridge 1.12.1+1.21.1 (connectorextras_emi_bridge)
		Connector Extras Energy Bridge 1.12.1+1.21.1 (connectorextras_energy_bridge)
		Connector Extras JEI Bridge 1.12.1+1.21.1 (connectorextras_jei_bridge)
		Connector Extras KubeJS Bridge 1.12.1+1.21.1 (connectorextras_kubejs_bridge)
		Connector Extras ModMenu Bridge 1.12.1+1.21.1 (connectorextras_modmenu_bridge)
		Connector Extras Pehkui Bridge 1.12.1+1.21.1 (connectorextras_pehkui_bridge)
		Connector Extras REI Bridge 1.12.1+1.21.1 (connectorextras_rei_bridge)
		Connector Extras Terrablender Bridge 1.12.1+1.21.1 (connectorextras_terrablender_bridge)
		Corail Tombstone 9.4.8 (tombstone)
		CoroUtil 1.21.0-1.3.8 (coroutil)
		Curios API 9.5.1+1.21.1 (curios)
		Cyclops Core 1.28.0 (cyclopscore)
		Decocraft 3.0.7 (decocraft)
		Dungeon Crawl 2.3.15 (dungeoncrawl)
		Emotecraft 2.4.12 (emotecraft)
		Ender Core 7.1.8-alpha (endercore)
		Ender IO 7.1.8-alpha (enderio)
		Ender IO Armory 7.1.8-alpha (enderio_armory)
		Ender IO Base 7.1.8-alpha (enderio_base)
		Ender IO Conduits 7.1.8-alpha (enderio_conduits)
		Ender IO Machines 7.1.8-alpha (enderio_machines)
		Ender IO Modded Conduits 7.1.8-alpha (enderio_conduits_modded)
		Enderman Overhaul 2.0.2 (endermanoverhaul)
		EvilCraft 1.2.80 (evilcraft)
		Forgified Fabric API 0.115.6+2.1.4+1.21.1 (fabric_api)
		Forgified Fabric API Base 0.4.42+d1308dedd1 (fabric_api_base)
		Forgified Fabric API Lookup API (v1) 1.6.70+c290471319 (fabric_api_lookup_api_v1)
		Forgified Fabric Biome API (v1) 13.0.31+1e62d33c19 (fabric_biome_api_v1)
		Forgified Fabric Block API (v1) 1.0.22+a6e994cd19 (fabric_block_api_v1)
		Forgified Fabric BlockRenderLayer Registration (v1) 1.1.52+c290471319 (fabric_blockrenderlayer_v1)
		Forgified Fabric BlockView API (v2) 1.0.11+e9036fd419 (fabric_block_view_api_v2)
		Forgified Fabric Client Tags 1.1.15+e053909619 (fabric_client_tags_api_v1)
		Forgified Fabric Command API (v2) 2.2.28+36d727be19 (fabric_command_api_v2)
		Forgified Fabric Content Registries (v0) 8.0.18+c290471319 (fabric_content_registries_v0)
		Forgified Fabric Convention Tags 2.1.4+7f945d5b19 (fabric_convention_tags_v1)
		Forgified Fabric Convention Tags (v2) 2.11.0+87e5848019 (fabric_convention_tags_v2)
		Forgified Fabric Data Attachment API (v1) 1.4.3+c290471319 (fabric_data_attachment_api_v1)
		Forgified Fabric Data Generation API (v1) 20.2.28+2d91a6db19 (fabric_data_generation_api_v1)
		Forgified Fabric Entity Events (v1) 1.7.0+1af6e62419 (fabric_entity_events_v1)
		Forgified Fabric Events Interaction (v0) 0.7.13+7b71cc1619 (fabric_events_interaction_v0)
		Forgified Fabric Game Rule API (v1) 1.0.53+36d727be19 (fabric_game_rule_api_v1)
		Forgified Fabric Game Test API (v1) 2.0.5+29f188ce19 (fabric_gametest_api_v1)
		Forgified Fabric Item API (v1) 11.1.1+57cdfa8219 (fabric_item_api_v1)
		Forgified Fabric Item Group API (v1) 4.1.7+e324903319 (fabric_item_group_api_v1)
		Forgified Fabric Key Binding API (v1) 1.0.47+62cc7ce119 (fabric_key_binding_api_v1)
		Forgified Fabric Lifecycle Events (v1) 2.5.0+a2ee258a19 (fabric_lifecycle_events_v1)
		Forgified Fabric Loot API (v2) 3.0.15+a3ee712d19 (fabric_loot_api_v2)
		Forgified Fabric Loot API (v3) 1.0.3+333dfad919 (fabric_loot_api_v3)
		Forgified Fabric Message API (v1) 6.0.13+e053909619 (fabric_message_api_v1)
		Forgified Fabric Model Loading API (v1) 2.0.0+986ae77219 (fabric_model_loading_api_v1)
		Forgified Fabric Networking API (v1) 4.3.0+30a980d919 (fabric_networking_api_v1)
		Forgified Fabric Object Builder API (v1) 15.2.1+cc242efd19 (fabric_object_builder_api_v1)
		Forgified Fabric Particles (v1) 4.0.2+824f924c19 (fabric_particles_v1)
		Forgified Fabric Recipe API (v1) 5.0.14+59440bcc19 (fabric_recipe_api_v1)
		Forgified Fabric Registry Sync (v0) 5.2.0+867470b919 (fabric_registry_sync_v0)
		Forgified Fabric Renderer - Indigo 1.7.0+4198af7119 (fabric_renderer_indigo)
		Forgified Fabric Renderer API (v1) 3.4.0+9c40919e19 (fabric_renderer_api_v1)
		Forgified Fabric Rendering (v1) 5.0.5+c290471319 (fabric_rendering_v1)
		Forgified Fabric Rendering Data Attachment (v1) 0.3.49+73761d2e19 (fabric_rendering_data_attachment_v1)
		Forgified Fabric Rendering Fluids (v1) 3.1.6+857185bc19 (fabric_rendering_fluids_v1)
		Forgified Fabric Resource Conditions API (v1) 4.3.0+5bdd099819 (fabric_resource_conditions_api_v1)
		Forgified Fabric Resource Loader (v0) 1.3.1+4ea8954419 (fabric_resource_loader_v0)
		Forgified Fabric Screen API (v1) 2.0.25+4228281319 (fabric_screen_api_v1)
		Forgified Fabric Screen Handler API (v1) 1.3.88+8dbc56dd19 (fabric_screen_handler_api_v1)
		Forgified Fabric Sound API (v1) 1.0.23+10b84f8419 (fabric_sound_api_v1)
		Forgified Fabric Transfer API (v1) 5.4.2+a25cb45619 (fabric_transfer_api_v1)
		Forgified Fabric Transitive Access Wideners (v1) 6.2.0+6c854b6f19 (fabric_transitive_access_wideners_v1)
		GeckoLib 4 4.8.2 (geckolib)
		Gobber for NeoForge 2.10.15 (gobber2)
		Grand Power 3.0.0 (grandpower)
		GuideME 21.1.15 (guideme)
		Improved Mobs Mod 1.21.1-1.15.2-neoforge (improvedmobs)
		Infernal Mobs 1.21.1.3NF (infernalmobs)
		Jurassic Revived 1.21.1-0.102.0 (jurassicrevived)
		Knight Lib 1.3.0 (knightlib)
		Kotlin For Forge 5.10.0 (kotlinforforge)
		Lithostitched 1.5.7 (lithostitched)
		Mahou Tsukai 1.21.1-v1.36.21 (mahoutsukai)
		Minecraft 1.21.1 (minecraft)
		Minecraft Comes Alive 7.7.5+1.21.1 (mca)
		Modern Industrialization 2.4.1 (modern_industrialization)
		Moog's Structure Lib 1.1.0-1.21-1.21.1 (moogs_structures)
		MoogsEndStructures 2.0.0 (mes)
		Moonlight Lib 1.21-2.29.4 (moonlight)
		NeoForge 21.1.228 (neoforge)
		Nyf's Spiders 2.3.2 (nyfsspiders)
		oωo 0.12.15.5-beta.1+1.21 (owo)
		Philip's Ruins 2.0 (philipsruins)
		Player Animator 2.0.1+1.21.1 (playeranimator)
		Potion Rings 1.21.1-2.1 (potionring)
		Repurposed Structures 7.5.17+1.21.1-neoforge (repurposed_structures)
		Resourceful Lib 3.0.12 (resourcefullib)
		Resourcefulconfig 3.0.11 (resourcefulconfig)
		Ruins (Structure Spawning System) 1.21.1.2NF (ruins)
		SecurityCraft 1.10.1 (securitycraft)
		Server GUI 1.9.1+1.21.1 (sgui)
		Silent Gear 4.0.30 (silentgear)
		Silent Lib 10.5.1 (silentlib)
		Sinytra Connector 2.0.0-beta.10+1.21.1 (connector)
		Superb Warfare 0.8.8 (superbwarfare)
		Supplementaries 1.21-3.5.16 (supplementaries)
		TenshiLib 1.21.1-2.2.5-neoforge (tenshilib)
		Terralith 2.5.8 (terralith)
		The Hordes 1.6.1b (hordes)
		The Twilight Forest 4.8.3287 (twilightforest)
		Tide 1.6.4 (tide)
		Traveler's Backpack 10.1.29 (travelersbackpack)
		Ultimate Pickaxes 1.0.27 (ultimatepickaxes)
		Undead_revamp2 1.0.1 (undead_revamp2)
		UndeadNights 2.0.2-NeoForge-mc1.21 (undeadnights)
		What Are They Up To 1.21.0-1.2.7 (watut)
		When Dungeons Arise 2.1.68 (dungeons_arise)
		WorldWeaver 21.0.13 (wover)
		WorldWeaver - Biome API 21.0.13 (wover_biome)
		WorldWeaver - Block and Item API 21.0.13 (wover_block)
		WorldWeaver - Common API 21.0.13 (wover_common)
		WorldWeaver - Core API 21.0.13 (wover_core)
		WorldWeaver - Datagen API 21.0.13 (wover_datagen)
		WorldWeaver - Events API 21.0.13 (wover_events)
		WorldWeaver - Feature API 21.0.13 (wover_feature)
		WorldWeaver - Item API 21.0.13 (wover_item)
		WorldWeaver - Math API 21.0.13 (wover_math)
		WorldWeaver - Recipe API 21.0.13 (wover_recipe)
		WorldWeaver - Structure API 21.0.13 (wover_structure)
		WorldWeaver - Surface API 21.0.13 (wover_surface)
		WorldWeaver - Tag API 21.0.13 (wover_tag)
		WorldWeaver - UI API 21.0.13 (wover_ui)
		WorldWeaver - World Generator API 21.0.13 (wover_generator)
		WorldWeaver - World Preset API 21.0.13 (wover_preset)
		WunderLib 21.0.8 (wunderlib)
		YUNG's API 1.21.1-NeoForge-5.1.6 (yungsapi)
		YUNG's Better Desert Temples 1.21.1-NeoForge-4.1.5 (betterdeserttemples)
		YUNG's Better Mineshafts 1.21.1-NeoForge-5.1.1 (bettermineshafts)
		YUNG's Better Strongholds 1.21.1-NeoForge-5.1.3 (betterstrongholds)
		zamega 1.0-SNAPSHOT (zamega)
[04Jul2026 18:23:10.249] [main/INFO] [org.sinytra.connector.service.hacks.ModuleLayerMigrator/]: Successfully made module authlib transformable
[04Jul2026 18:23:10.255] [main/INFO] [org.sinytra.connector.service.hacks.ModuleLayerMigrator/]: Successfully made module brigadier transformable
[04Jul2026 18:23:11.072] [main/INFO] [mixin/]: Compatibility level set to JAVA_17
[04Jul2026 18:23:11.074] [main/INFO] [mixin/]: Compatibility level set to JAVA_21
[04Jul2026 18:23:11.326] [main/INFO] [mixin/]: Successfully loaded Mixin Connector [io.izzel.arclight.common.mod.ArclightConnector]
[04Jul2026 18:23:11.344] [main/INFO] [Arclight/]: Arclight core mixin added.
[04Jul2026 18:23:11.346] [main/INFO] [Arclight/]: Arclight optimization mixin added.
[04Jul2026 18:23:11.356] [main/INFO] [cpw.mods.modlauncher.LaunchServiceHandler/MODLAUNCHER]: Launching target 'arclightserver' with arguments [nogui]
[04Jul2026 18:23:11.362] [main/WARN] [mixin/]: Reference map 'geckolib.refmap.json' for geckolib.mixins.json could not be read. If this is a development environment you can ignore this message
[04Jul2026 18:23:11.375] [main/WARN] [mixin/]: Reference map 'yungsapi.refmap.json' for yungsapi.mixins.json could not be read. If this is a development environment you can ignore this message
[04Jul2026 18:23:11.376] [main/WARN] [mixin/]: Reference map 'mixins.superbwarfare.refmap.json' for mixins.superbwarfare.json could not be read. If this is a development environment you can ignore this message
[04Jul2026 18:23:11.388] [main/WARN] [mixin/]: Reference map 'curios.refmap.json' for curios.neoforge.mixins.json could not be read. If this is a development environment you can ignore this message
[04Jul2026 18:23:11.388] [main/WARN] [mixin/]: Reference map 'curios.refmap.json' for curios.mixins.json could not be read. If this is a development environment you can ignore this message
[04Jul2026 18:23:11.392] [main/WARN] [mixin/]: Reference map 'betterstrongholds.refmap.json' for betterstrongholds.mixins.json could not be read. If this is a development environment you can ignore this message
[04Jul2026 18:23:11.393] [main/WARN] [mixin/]: Reference map 'mixins.tombstone.refmap.json' for tombstone.mixins.json could not be read. If this is a development environment you can ignore this message
[04Jul2026 18:23:11.396] [main/WARN] [mixin/]: Reference map '' for accessories-common.mixins.json could not be read. If this is a development environment you can ignore this message
[04Jul2026 18:23:11.398] [main/WARN] [mixin/]: Reference map '' for accessories-forge.mixins.json could not be read. If this is a development environment you can ignore this message
[04Jul2026 18:23:11.402] [main/WARN] [mixin/]: Reference map 'bettermineshafts.refmap.json' for bettermineshafts.mixins.json could not be read. If this is a development environment you can ignore this message
[04Jul2026 18:23:11.404] [main/WARN] [mixin/]: Reference map 'tide.refmap.json' for tide.mixins.json could not be read. If this is a development environment you can ignore this message
[04Jul2026 18:23:11.407] [main/WARN] [mixin/]: Reference map 'mca.refmap.json' for mca.mixins.json could not be read. If this is a development environment you can ignore this message
[04Jul2026 18:23:11.413] [main/WARN] [mixin/]: Reference map 'companions.refmap.json' for companions.mixins.json could not be read. If this is a development environment you can ignore this message
[04Jul2026 18:23:11.416] [main/WARN] [mixin/]: Reference map 'travelersbackpack.mixins.refmap.json' for META-INF/travelersbackpack.mixins.json could not be read. If this is a development environment you can ignore this message
[04Jul2026 18:23:11.416] [main/WARN] [mixin/]: Reference map 'knightlib.refmap.json' for knightlib.mixins.json could not be read. If this is a development environment you can ignore this message
[04Jul2026 18:23:11.416] [main/WARN] [mixin/]: Reference map 'cobblemon-battle-extras-refmap.json' for cobblemon-battle-extras-common.mixins.json could not be read. If this is a development environment you can ignore this message
[04Jul2026 18:23:11.416] [main/WARN] [mixin/]: Reference map 'cobblemon-battle-extras-common-refmap.json' for cobblemon-battle-extras.client.mixins.json could not be read. If this is a development environment you can ignore this message
[04Jul2026 18:23:11.417] [main/WARN] [mixin/]: Reference map 'betterdeserttemples.refmap.json' for betterdeserttemples.mixins.json could not be read. If this is a development environment you can ignore this message
[04Jul2026 18:23:11.418] [main/WARN] [mixin/]: Reference map 'nyfsspiders.refmap.json' for nyfsspiders.mixins.json could not be read. If this is a development environment you can ignore this message
[04Jul2026 18:23:11.426] [main/WARN] [mixin/]: Reference map 'securitycraft.refmap.json' for securitycraft.mixins.json could not be read. If this is a development environment you can ignore this message
[04Jul2026 18:23:11.428] [main/WARN] [mixin/]: Reference map 'watut.refmap.json' for watut.mixins.json could not be read. If this is a development environment you can ignore this message
[04Jul2026 18:23:11.434] [main/WARN] [mixin/]: Reference map 'mahoutsukai.refmap.json' for mahoutsukai.mixins.json could not be read. If this is a development environment you can ignore this message
[04Jul2026 18:23:11.567] [main/WARN] [mixin/]: Reference map '' for adapter.init.mixins.json could not be read. If this is a development environment you can ignore this message
[04Jul2026 18:23:12.026] [main/WARN] [mixin/]: Error loading class: vectorwing/farmersdelight/common/block/TomatoVineBlock (java.lang.ClassNotFoundException: vectorwing.farmersdelight.common.block.TomatoVineBlock)
[04Jul2026 18:23:12.115] [main/ERROR] [net.neoforged.fml.common.asm.RuntimeDistCleaner/DISTXFORM]: Attempted to load class net/minecraft/client/sounds/SoundEngine for invalid dist DEDICATED_SERVER
[04Jul2026 18:23:12.116] [main/WARN] [mixin/]: Error loading class: net/minecraft/client/sounds/SoundEngine (java.lang.RuntimeException: Attempted to load class net/minecraft/client/sounds/SoundEngine for invalid dist DEDICATED_SERVER)
[04Jul2026 18:23:12.116] [main/WARN] [mixin/]: @Mixin target net.minecraft.client.sounds.SoundEngine was not found mixins.cobblemon-neoforge.json:NeoforgeSoundEngineMixin from mod cobblemon
[04Jul2026 18:23:12.129] [main/WARN] [mixin/]: Error loading class: com/mojang/blaze3d/audio/Channel (java.lang.ClassNotFoundException: com.mojang.blaze3d.audio.Channel)
[04Jul2026 18:23:12.129] [main/WARN] [mixin/]: @Mixin target com.mojang.blaze3d.audio.Channel was not found mixins.cobblemon-common.json:ChannelMixin from mod cobblemon
[04Jul2026 18:23:12.155] [main/WARN] [mixin/]: Error loading class: juuxel/adorn/block/variant/BlockVariantSets (java.lang.ClassNotFoundException: juuxel.adorn.block.variant.BlockVariantSets)
[04Jul2026 18:23:12.155] [main/WARN] [mixin/]: @Mixin target juuxel.adorn.block.variant.BlockVariantSets was not found mixins.cobblemon-common.json:invoker.AdornRegisterInvoker from mod cobblemon
[04Jul2026 18:23:12.241] [main/WARN] [mixin/]: Error loading class: vectorwing/farmersdelight/common/block/StandingCanvasSignBlock (java.lang.ClassNotFoundException: vectorwing.farmersdelight.common.block.StandingCanvasSignBlock)
[04Jul2026 18:23:12.242] [main/WARN] [mixin/]: Error loading class: vectorwing/farmersdelight/common/block/WallCanvasSignBlock (java.lang.ClassNotFoundException: vectorwing.farmersdelight.common.block.WallCanvasSignBlock)
[04Jul2026 18:23:12.300] [main/WARN] [mixin/]: Error loading class: traben/entity_model_features/models/animation/EMFAnimationEntityContext (java.lang.ClassNotFoundException: traben.entity_model_features.models.animation.EMFAnimationEntityContext)
[04Jul2026 18:23:12.830] [main/INFO] [MixinExtras|Service/]: Initializing MixinExtras via com.llamalad7.mixinextras.service.MixinExtrasServiceImpl(version=0.5.3).
[04Jul2026 18:23:21.864] [main/INFO] [betternether/]: =^..^=    BetterNether for 1.21    =^..^=
[04Jul2026 18:23:27.421] [modloading-worker-0/INFO] [net.neoforged.neoforge.common.NeoForgeMod/NEOFORGE-MOD]: NeoForge mod loading, version 21.1.228, for MC 1.21.1
[04Jul2026 18:23:27.441] [modloading-worker-0/INFO] [hordes/]: Trying to load common config
[04Jul2026 18:23:27.479] [modloading-worker-0/INFO] [hordes/]: Trying to load client config
[04Jul2026 18:23:27.479] [modloading-worker-0/INFO] [dev.su5ed.sinytra.connectorextras.terrablenderbridge.TerraBlenderBridge/]: Injecting TerraBlender API classes
[04Jul2026 18:23:27.481] [modloading-worker-0/WARN] [dev.su5ed.sinytra.connectorextras.util.HackyModuleInjector/]: Module terrablender is not present, skipping class injection
[04Jul2026 18:23:27.482] [modloading-worker-0/INFO] [com.razz.decocraft.Decocraft/]: Initializing Decocraft mod
[04Jul2026 18:23:27.545] [modloading-worker-0/INFO] [net.petemc.undeadnights.UndeadNights/]: Registering Item Groups for undeadnights
[04Jul2026 18:23:27.552] [modloading-worker-0/INFO] [twilightforest.beanification.BeanContext/]: Starting Bean Context
[04Jul2026 18:23:27.556] [modloading-worker-0/INFO] [com.razz.decocraft.Decocraft/]: Decocraft mod constructor complete
[04Jul2026 18:23:27.559] [modloading-worker-0/INFO] [net.petemc.undeadnights.UndeadNights/]: Loading undeadnights horde mobs config
[04Jul2026 18:23:27.562] [modloading-worker-0/INFO] [hordes/]: Config files are up to date, skipping data/asset generation
[04Jul2026 18:23:27.593] [modloading-worker-0/INFO] [net.petemc.undeadnights.UndeadNights/]: No target entities specified in horde mob config, no additional entities will be targeted.
[04Jul2026 18:23:27.598] [modloading-worker-0/INFO] [net.petemc.undeadnights.UndeadNights/]: Default horde mob undeadnights:horde_zombie was read from config.
[04Jul2026 18:23:27.599] [modloading-worker-0/INFO] [net.petemc.undeadnights.UndeadNights/]: Horde mob undeadnights:elite_zombie with chance 3% was read from config.
[04Jul2026 18:23:27.599] [modloading-worker-0/INFO] [net.petemc.undeadnights.UndeadNights/]: Horde mob undeadnights:demolition_zombie with chance 6% was read from config.
[04Jul2026 18:23:27.683] [modloading-worker-0/INFO] [net.petemc.undeadnights.UndeadNights/]: Setting current difficulty level to: Level 1
[04Jul2026 18:23:27.683] [modloading-worker-0/INFO] [net.petemc.undeadnights.UndeadNights/]: Loaded difficulty config with 1 difficulty levels.
[04Jul2026 18:23:27.719] [modloading-worker-0/OFF] [gobber2/]: gobber2 config settings json5 found
[04Jul2026 18:23:27.744] [modloading-worker-0/INFO] [fr.samlegamer.potionring.PotionRing/]: Potion Rings - REFORGED is Charged
[04Jul2026 18:23:27.956] [modloading-worker-0/INFO] [cobblegachamachine/]: Initializing cobblegachamachine
[04Jul2026 18:23:27.977] [modloading-worker-0/INFO] [cobblegachamachine/]: Loaded configuration for 4 capsule types
[04Jul2026 18:23:27.980] [modloading-worker-0/INFO] [Moonlight/]: Sending changed configs to client
[04Jul2026 18:23:27.986] [modloading-worker-0/INFO] [cobblegachamachine/]: Registering custom sounds for cobblegachamachine
[04Jul2026 18:23:28.020] [modloading-worker-0/INFO] [cobblegachamachine/]: Registering blocks for cobblegachamachine
[04Jul2026 18:23:28.023] [modloading-worker-0/INFO] [cobblegachamachine/]: Registering items for cobblegachamachine
[04Jul2026 18:23:28.027] [modloading-worker-0/INFO] [cobblegachamachine/]: Registering block entities for cobblegachamachine
[04Jul2026 18:23:28.030] [modloading-worker-0/INFO] [cobblegachamachine/]: Registering item groups for cobblegachamachine
[04Jul2026 18:23:28.035] [modloading-worker-0/INFO] [cobblegachamachine/]: Registering custom loot table
[04Jul2026 18:23:28.040] [modloading-worker-0/INFO] [owo/]: Maybe we take a page out of the Wisp Forest handbook: When in doubt, steal glisco's code
[04Jul2026 18:23:28.059] [modloading-worker-0/INFO] [zamega/]: Zamega Mod 正在初始化!
[04Jul2026 18:23:28.059] [modloading-worker-0/INFO] [Moonlight/]: Sending changed configs to client
[04Jul2026 18:23:28.101] [modloading-worker-0/INFO] [Tide/]: Initialized Tide mod on NeoForge
[04Jul2026 18:23:28.195] [modloading-worker-0/INFO] [Dungeon Crawl/]: Here we go! Launching Dungeon Crawl 2.3.15...
[04Jul2026 18:23:28.350] [modloading-worker-0/INFO] [atomicstryker.ruins.common.RuinsMod/]: Ruins instance built, events registered
[04Jul2026 18:23:28.435] [modloading-worker-0/INFO] [twilightforest.beanification.BeanContext/]: Bean Context loaded in 883 ms
[04Jul2026 18:23:28.533] [modloading-worker-0/INFO] [Moonlight/]: Sending changed configs to client
[04Jul2026 18:23:28.812] [modloading-worker-0/INFO] [thedarkcolour.kotlinforforge.neoforge.test.KotlinForForge/]: Kotlin For Forge Enabled!
[04Jul2026 18:23:28.816] [modloading-worker-0/INFO] [sgui/]: Server GUI (SGui) loaded!
[04Jul2026 18:23:28.892] [modloading-worker-0/INFO] [coroutil/]: neo forge loader environment detected
[04Jul2026 18:23:28.944] [modloading-worker-0/INFO] [Arclight/]: Arclight Mod loaded.
[04Jul2026 18:23:28.984] [modloading-worker-0/INFO] [Arclight/]: Arclight events registered.
[04Jul2026 18:23:29.115] [modloading-worker-0/INFO] [com.cobblemon.mod.common.Cobblemon/]: Booting LaxPermissionValidator, permissions will be checked using Minecrafts permission level system, see https://minecraft.fandom.com/wiki/Permission_level
[04Jul2026 18:23:29.131] [modloading-worker-0/INFO] [com.cobblemon.mod.common.Cobblemon/]: Note: Cobblemon data registries are only loaded once per server instance as Pokémon species are not safe to reload.
[04Jul2026 18:23:29.131] [modloading-worker-0/INFO] [com.cobblemon.mod.common.Cobblemon/]: Launching Cobblemon 1.7.1 
[04Jul2026 18:23:29.131] [modloading-worker-0/INFO] [com.cobblemon.mod.common.Cobblemon/]: Registered the cobblenav:biome_platforms registry
[04Jul2026 18:23:29.137] [modloading-worker-0/INFO] [com.cobblemon.mod.common.Cobblemon/]: Booting ForgePermissionApiPermissionValidator, player permissions will be checked using MinecraftForge' PermissionAPI, non player command sources will use Minecraft' permission level system, see https://docs.minecraftforge.net/en/latest/ and https://minecraft.fandom.com/wiki/Permission_level
[04Jul2026 18:23:30.610] [modloading-worker-0/INFO] [com.cobblemon.mod.common.Cobblemon/]: Starting the Best Spawner...
[04Jul2026 18:23:30.617] [modloading-worker-0/INFO] [com.cobblemon.mod.common.Cobblemon/]: Loaded 7 spawning condition types.
[04Jul2026 18:23:30.630] [modloading-worker-0/INFO] [com.cobblemon.mod.common.Cobblemon/]: Loaded 6 spawnable position types.
[04Jul2026 18:23:30.640] [modloading-worker-0/INFO] [com.cobblemon.mod.common.Cobblemon/]: Loaded 3 spawn detail types.
[04Jul2026 18:23:30.700] [modloading-worker-0/INFO] [fightorflight/]: Hello neoforge from Fight or Flight
[04Jul2026 18:23:30.767] [modloading-worker-0/INFO] [Modern Industrialization/]: Modern Industrialization setup done!
[04Jul2026 18:23:30.925] [modloading-sync-worker/INFO] [wover-core/]: Processing wover.datapack.registry Entrypoints
[04Jul2026 18:23:30.926] [modloading-sync-worker/INFO] [wover-core/]:     - Processing Entrypoint: org.betterx.wover.entrypoint.ItemDatapackRegistryEntrypoint
[04Jul2026 18:23:30.926] [modloading-sync-worker/INFO] [wover-core/]:     - Processing Entrypoint: org.betterx.wover.entrypoint.FeatureDatapackRegistryEntrypoint
[04Jul2026 18:23:30.927] [modloading-sync-worker/INFO] [wover-core/]:     - Processing Entrypoint: org.betterx.wover.entrypoint.StructureDatapackRegistryEntrypoint
[04Jul2026 18:23:30.927] [modloading-sync-worker/INFO] [wover-core/]:     - Processing Entrypoint: org.betterx.wover.entrypoint.SurfaceDatapackRegistryEntrypoint
[04Jul2026 18:23:30.927] [modloading-sync-worker/INFO] [wover-core/]:     - Processing Entrypoint: org.betterx.wover.entrypoint.BiomeDatapackRegistryEntrypoint
[04Jul2026 18:23:30.928] [modloading-sync-worker/INFO] [org.sinytra.connector.mod.ConnectorMod/]: Detected changes in WORLDGEN_REGISTRIES, updating NeoForge references
[04Jul2026 18:23:32.415] [modloading-sync-worker/INFO] [com.razz.decocraft.Decocraft/]: RegisterEvent<Block> fired - registering dynamic blocks
[04Jul2026 18:23:32.421] [modloading-sync-worker/INFO] [com.razz.decocraft.Decocraft/]: Starting Decocraft block registration...
[04Jul2026 18:23:32.453] [modloading-sync-worker/INFO] [STDOUT/]: [JsonParser] Resource not found (may be from optional addon): assets/decocraft/paintings.json
[04Jul2026 18:23:32.453] [modloading-sync-worker/INFO] [com.razz.decocraft.Decocraft/]: Skipping missing optional file: paintings.json
[04Jul2026 18:23:32.478] [modloading-sync-worker/INFO] [com.razz.decocraft.Decocraft/]: Starting batched async model loading for 3527 entries...
[04Jul2026 18:23:32.480] [modloading-sync-worker/INFO] [com.razz.decocraft.Decocraft/]: Loading 634 unique models in batches of 50
[04Jul2026 18:23:32.480] [modloading-sync-worker/INFO] [com.razz.decocraft.Decocraft/]: Loading batch 1/13 (50 models)
[04Jul2026 18:23:32.561] [modloading-sync-worker/INFO] [com.razz.decocraft.Decocraft/]: Loading batch 2/13 (50 models)
[04Jul2026 18:23:32.620] [modloading-sync-worker/INFO] [com.razz.decocraft.Decocraft/]: Loading batch 3/13 (50 models)
[04Jul2026 18:23:32.730] [modloading-sync-worker/INFO] [com.razz.decocraft.Decocraft/]: Loading batch 4/13 (50 models)
[04Jul2026 18:23:32.795] [modloading-sync-worker/INFO] [com.razz.decocraft.Decocraft/]: Loading batch 5/13 (50 models)
[04Jul2026 18:23:32.939] [modloading-sync-worker/INFO] [com.razz.decocraft.Decocraft/]: Loading batch 6/13 (50 models)
[04Jul2026 18:23:33.022] [modloading-sync-worker/INFO] [com.razz.decocraft.Decocraft/]: Loading batch 7/13 (50 models)
[04Jul2026 18:23:33.117] [modloading-sync-worker/INFO] [com.razz.decocraft.Decocraft/]: Loading batch 8/13 (50 models)
[04Jul2026 18:23:33.212] [modloading-sync-worker/INFO] [com.razz.decocraft.Decocraft/]: Loading batch 9/13 (50 models)
[04Jul2026 18:23:33.252] [modloading-sync-worker/INFO] [com.razz.decocraft.Decocraft/]: Loading batch 10/13 (50 models)
[04Jul2026 18:23:33.314] [modloading-sync-worker/INFO] [com.razz.decocraft.Decocraft/]: Loading batch 11/13 (50 models)
[04Jul2026 18:23:33.465] [modloading-sync-worker/INFO] [com.razz.decocraft.Decocraft/]: Loading batch 12/13 (50 models)
[04Jul2026 18:23:33.535] [modloading-sync-worker/INFO] [com.razz.decocraft.Decocraft/]: Loading batch 13/13 (34 models)
[04Jul2026 18:23:33.558] [modloading-sync-worker/INFO] [com.razz.decocraft.Decocraft/]: Successfully cached 634 models
[04Jul2026 18:23:33.558] [modloading-sync-worker/INFO] [com.razz.decocraft.Decocraft/]: Model loading completed in 1080ms
[04Jul2026 18:23:33.631] [modloading-sync-worker/INFO] [com.razz.decocraft.Decocraft/]: Decocraft block registration complete - processed 3527 entries in 1153ms
[04Jul2026 18:23:34.441] [modloading-sync-worker/WARN] [net.minecraft.network.syncher.SynchedEntityData/]: defineId called for: class net.conczin.mca.entity.VillagerEntityMCA from class net.conczin.mca.util.network.datasync.CDataParameter
[04Jul2026 18:23:34.441] [modloading-sync-worker/WARN] [net.minecraft.network.syncher.SynchedEntityData/]: defineId called for: class net.conczin.mca.entity.VillagerEntityMCA from class net.conczin.mca.util.network.datasync.CDataParameter
[04Jul2026 18:23:34.441] [modloading-sync-worker/WARN] [net.minecraft.network.syncher.SynchedEntityData/]: defineId called for: class net.conczin.mca.entity.VillagerEntityMCA from class net.conczin.mca.util.network.datasync.CDataParameter
[04Jul2026 18:23:34.441] [modloading-sync-worker/WARN] [net.minecraft.network.syncher.SynchedEntityData/]: defineId called for: class net.conczin.mca.entity.VillagerEntityMCA from class net.conczin.mca.util.network.datasync.CDataParameter
[04Jul2026 18:23:34.441] [modloading-sync-worker/WARN] [net.minecraft.network.syncher.SynchedEntityData/]: defineId called for: class net.conczin.mca.entity.VillagerEntityMCA from class net.conczin.mca.util.network.datasync.CDataParameter
[04Jul2026 18:23:34.441] [modloading-sync-worker/WARN] [net.minecraft.network.syncher.SynchedEntityData/]: defineId called for: class net.conczin.mca.entity.VillagerEntityMCA from class net.conczin.mca.util.network.datasync.CEnumParameter
[04Jul2026 18:23:34.443] [modloading-sync-worker/WARN] [net.minecraft.network.syncher.SynchedEntityData/]: defineId called for: class net.conczin.mca.entity.VillagerEntityMCA from class net.conczin.mca.util.network.datasync.CDataParameter
[04Jul2026 18:23:34.443] [modloading-sync-worker/WARN] [net.minecraft.network.syncher.SynchedEntityData/]: defineId called for: class net.conczin.mca.entity.VillagerEntityMCA from class net.conczin.mca.util.network.datasync.CDataParameter
[04Jul2026 18:23:34.443] [modloading-sync-worker/WARN] [net.minecraft.network.syncher.SynchedEntityData/]: defineId called for: class net.conczin.mca.entity.VillagerEntityMCA from class net.conczin.mca.util.network.datasync.CDataParameter
[04Jul2026 18:23:34.443] [modloading-sync-worker/WARN] [net.minecraft.network.syncher.SynchedEntityData/]: defineId called for: class net.conczin.mca.entity.VillagerEntityMCA from class net.conczin.mca.util.network.datasync.CDataParameter
[04Jul2026 18:23:34.443] [modloading-sync-worker/WARN] [net.minecraft.network.syncher.SynchedEntityData/]: defineId called for: class net.conczin.mca.entity.VillagerEntityMCA from class net.conczin.mca.util.network.datasync.CDataParameter
[04Jul2026 18:23:34.443] [modloading-sync-worker/WARN] [net.minecraft.network.syncher.SynchedEntityData/]: defineId called for: class net.conczin.mca.entity.VillagerEntityMCA from class net.conczin.mca.util.network.datasync.CDataParameter
[04Jul2026 18:23:34.443] [modloading-sync-worker/WARN] [net.minecraft.network.syncher.SynchedEntityData/]: defineId called for: class net.conczin.mca.entity.VillagerEntityMCA from class net.conczin.mca.util.network.datasync.CDataParameter
[04Jul2026 18:23:34.443] [modloading-sync-worker/WARN] [net.minecraft.network.syncher.SynchedEntityData/]: defineId called for: class net.conczin.mca.entity.VillagerEntityMCA from class net.conczin.mca.util.network.datasync.CDataParameter
[04Jul2026 18:23:34.443] [modloading-sync-worker/WARN] [net.minecraft.network.syncher.SynchedEntityData/]: defineId called for: class net.conczin.mca.entity.VillagerEntityMCA from class net.conczin.mca.util.network.datasync.CDataParameter
[04Jul2026 18:23:34.443] [modloading-sync-worker/WARN] [net.minecraft.network.syncher.SynchedEntityData/]: defineId called for: class net.conczin.mca.entity.VillagerEntityMCA from class net.conczin.mca.util.network.datasync.CDataParameter
[04Jul2026 18:23:34.443] [modloading-sync-worker/WARN] [net.minecraft.network.syncher.SynchedEntityData/]: defineId called for: class net.conczin.mca.entity.VillagerEntityMCA from class net.conczin.mca.util.network.datasync.CDataParameter
[04Jul2026 18:23:34.443] [modloading-sync-worker/WARN] [net.minecraft.network.syncher.SynchedEntityData/]: defineId called for: class net.conczin.mca.entity.VillagerEntityMCA from class net.conczin.mca.util.network.datasync.CEnumParameter
[04Jul2026 18:23:34.443] [modloading-sync-worker/WARN] [net.minecraft.network.syncher.SynchedEntityData/]: defineId called for: class net.conczin.mca.entity.VillagerEntityMCA from class net.conczin.mca.util.network.datasync.CDataParameter
[04Jul2026 18:23:34.445] [modloading-sync-worker/WARN] [net.minecraft.network.syncher.SynchedEntityData/]: defineId called for: class net.conczin.mca.entity.VillagerEntityMCA from class net.conczin.mca.util.network.datasync.CDataParameter
[04Jul2026 18:23:34.445] [modloading-sync-worker/WARN] [net.minecraft.network.syncher.SynchedEntityData/]: defineId called for: class net.conczin.mca.entity.VillagerEntityMCA from class net.conczin.mca.util.network.datasync.CEnumParameter
[04Jul2026 18:23:34.445] [modloading-sync-worker/WARN] [net.minecraft.network.syncher.SynchedEntityData/]: defineId called for: class net.conczin.mca.entity.VillagerEntityMCA from class net.conczin.mca.util.network.datasync.CDataParameter
[04Jul2026 18:23:34.445] [modloading-sync-worker/WARN] [net.minecraft.network.syncher.SynchedEntityData/]: defineId called for: class net.conczin.mca.entity.VillagerEntityMCA from class net.conczin.mca.util.network.datasync.CEnumParameter
[04Jul2026 18:23:34.445] [modloading-sync-worker/WARN] [net.minecraft.network.syncher.SynchedEntityData/]: defineId called for: class net.conczin.mca.entity.VillagerEntityMCA from class net.conczin.mca.util.network.datasync.CEnumParameter
[04Jul2026 18:23:34.445] [modloading-sync-worker/WARN] [net.minecraft.network.syncher.SynchedEntityData/]: defineId called for: class net.conczin.mca.entity.VillagerEntityMCA from class net.conczin.mca.util.network.datasync.CDataParameter
[04Jul2026 18:23:34.445] [modloading-sync-worker/WARN] [net.minecraft.network.syncher.SynchedEntityData/]: defineId called for: class net.conczin.mca.entity.VillagerEntityMCA from class net.conczin.mca.util.network.datasync.CDataParameter
[04Jul2026 18:23:34.445] [modloading-sync-worker/WARN] [net.minecraft.network.syncher.SynchedEntityData/]: defineId called for: class net.conczin.mca.entity.VillagerEntityMCA from class net.conczin.mca.util.network.datasync.CDataParameter
[04Jul2026 18:23:34.445] [modloading-sync-worker/WARN] [net.minecraft.network.syncher.SynchedEntityData/]: defineId called for: class net.conczin.mca.entity.VillagerEntityMCA from class net.conczin.mca.util.network.datasync.CDataParameter
[04Jul2026 18:23:34.445] [modloading-sync-worker/WARN] [net.minecraft.network.syncher.SynchedEntityData/]: defineId called for: class net.conczin.mca.entity.VillagerEntityMCA from class net.conczin.mca.util.network.datasync.CDataParameter
[04Jul2026 18:23:34.446] [modloading-sync-worker/WARN] [net.minecraft.network.syncher.SynchedEntityData/]: defineId called for: class net.conczin.mca.entity.VillagerEntityMCA from class net.conczin.mca.util.network.datasync.CDataParameter
[04Jul2026 18:23:34.448] [modloading-sync-worker/WARN] [net.minecraft.network.syncher.SynchedEntityData/]: defineId called for: class net.conczin.mca.entity.VillagerEntityMCA from class net.conczin.mca.util.network.datasync.CDataParameter
[04Jul2026 18:23:34.448] [modloading-sync-worker/WARN] [net.minecraft.network.syncher.SynchedEntityData/]: defineId called for: class net.conczin.mca.entity.VillagerEntityMCA from class net.conczin.mca.util.network.datasync.CDataParameter
[04Jul2026 18:23:34.448] [modloading-sync-worker/WARN] [net.minecraft.network.syncher.SynchedEntityData/]: defineId called for: class net.conczin.mca.entity.VillagerEntityMCA from class net.conczin.mca.util.network.datasync.CDataParameter
[04Jul2026 18:23:34.449] [modloading-sync-worker/WARN] [net.minecraft.network.syncher.SynchedEntityData/]: defineId called for: class net.conczin.mca.entity.VillagerEntityMCA from class net.conczin.mca.util.network.datasync.CDataParameter
[04Jul2026 18:23:34.449] [modloading-sync-worker/WARN] [net.minecraft.network.syncher.SynchedEntityData/]: defineId called for: class net.conczin.mca.entity.VillagerEntityMCA from class net.conczin.mca.util.network.datasync.CDataParameter
[04Jul2026 18:23:34.452] [modloading-sync-worker/WARN] [net.minecraft.network.syncher.SynchedEntityData/]: defineId called for: class net.conczin.mca.entity.GrimReaperEntity from class net.conczin.mca.util.network.datasync.CEnumParameter
[04Jul2026 18:23:34.685] [modloading-sync-worker/INFO] [com.razz.decocraft.Decocraft/]: RegisterEvent<Item> fired - registering block items
[04Jul2026 18:23:34.685] [modloading-sync-worker/INFO] [com.razz.decocraft.Decocraft/]: Starting BlockItem registration for 3527 blocks...
[04Jul2026 18:23:34.761] [modloading-sync-worker/INFO] [com.razz.decocraft.Decocraft/]: Registered BlockItem: locker_red -> block: DecoStorageBlock
[04Jul2026 18:23:34.764] [modloading-sync-worker/INFO] [com.razz.decocraft.Decocraft/]: Registered 3218 BlockItems successfully, skipped 309 hidden blocks
[04Jul2026 18:23:34.979] [modloading-sync-worker/INFO] [evilcraft/]: 2205 possible Broom base combinations are ready for flying!
[04Jul2026 18:23:35.001] [modloading-sync-worker/INFO] [Moonlight/]: Initialized block sets in 21ms
[04Jul2026 18:23:35.402] [modloading-sync-worker/INFO] [com.razz.decocraft.Decocraft/]: RegisterEvent<CreativeModeTab> fired - registering creative tabs
[04Jul2026 18:23:39.286] [modloading-sync-worker/INFO] [Moonlight/]: Sending changed configs to client
[04Jul2026 18:23:39.319] [modloading-sync-worker/INFO] [Moonlight/]: Sending changed configs to client
[04Jul2026 18:23:39.356] [modloading-sync-worker/WARN] [net.neoforged.fml.config.ConfigTracker/CONFIG]: Configuration file C:\Users\buceda\Documents\GitHub\plomeros\plomeros-mc\config\knightlib.toml is not correct. Correcting
[04Jul2026 18:23:39.393] [modloading-sync-worker/INFO] [Moonlight/]: Sending changed configs to client
[04Jul2026 18:23:39.413] [modloading-sync-worker/WARN] [net.neoforged.fml.config.ConfigTracker/CONFIG]: Configuration file C:\Users\buceda\Documents\GitHub\plomeros\plomeros-mc\config\companions.toml is not correct. Correcting
[04Jul2026 18:23:39.499] [modloading-worker-0/INFO] [net.petemc.undeadnights.UndeadNights/]: Initializing the UndeadNights Mod
[04Jul2026 18:23:39.499] [modloading-worker-0/INFO] [com.razz.decocraft.Decocraft/]: Decocraft common setup started
[04Jul2026 18:23:39.499] [modloading-worker-0/INFO] [com.cobblemon.mod.common.Cobblemon/]: Initializing...
[04Jul2026 18:23:39.500] [Cobblemon Showdown/INFO] [com.cobblemon.mod.common.Cobblemon/]: Starting showdown service...
[04Jul2026 18:23:39.501] [modloading-worker-0/INFO] [atomicstryker.ruins.common.RuinsMod/]: Ruins preInit
[04Jul2026 18:23:39.502] [modloading-worker-0/INFO] [atomicstryker.ruins.common.RuinsMod/]: config/ruins_config exists, not extracting
[04Jul2026 18:23:39.506] [NeoForge Version Check/INFO] [net.neoforged.fml.VersionChecker/]: [cyclopscore] Starting version check at https://raw.githubusercontent.com/CyclopsMC/Versions/master/neoforge_update/cyclops-core.json
[04Jul2026 18:23:39.515] [modloading-worker-0/INFO] [com.atsuishio.superbwarfare.Mod/]: This Mod used to be made by MCreator!
[04Jul2026 18:23:39.518] [Cobblemon Showdown/INFO] [mega_showdown/]: Loaded fallback file: .\showdown\data\moves.js
[04Jul2026 18:23:39.520] [Cobblemon Showdown/INFO] [mega_showdown/]: Loaded fallback file: .\showdown\sim\battle-actions.js
[04Jul2026 18:23:39.521] [Cobblemon Showdown/INFO] [mega_showdown/]: Loaded fallback file: .\showdown\sim\pokemons.js
[04Jul2026 18:23:39.523] [Cobblemon Showdown/INFO] [mega_showdown/]: Loaded fallback file: .\showdown\data\abilities.js
[04Jul2026 18:23:39.523] [modloading-worker-0/INFO] [evilcraft/]: Registered packet handler.
[04Jul2026 18:23:39.524] [Cobblemon Showdown/INFO] [mega_showdown/]: Loaded fallback file: .\showdown\sim\side.js
[04Jul2026 18:23:39.525] [Cobblemon Showdown/INFO] [mega_showdown/]: Loaded fallback file: .\showdown\data\conditions.js
[04Jul2026 18:23:39.525] [Cobblemon Showdown/INFO] [mega_showdown/]: Loaded fallback file: .\showdown\index.js
[04Jul2026 18:23:39.526] [Cobblemon Showdown/INFO] [mega_showdown/]: All files are ready!
[04Jul2026 18:23:39.618] [NeoForge Version Check/INFO] [net.neoforged.fml.VersionChecker/]: [cyclopscore] Found status: OUTDATED Current: 1.28.0 Target: 1.29.1
[04Jul2026 18:23:39.622] [NeoForge Version Check/INFO] [net.neoforged.fml.VersionChecker/]: [evilcraft] Starting version check at https://raw.githubusercontent.com/CyclopsMC/Versions/master/neoforge_update/evilcraft.json
[04Jul2026 18:23:39.746] [NeoForge Version Check/INFO] [net.neoforged.fml.VersionChecker/]: [evilcraft] Found status: OUTDATED Current: 1.2.80 Target: 1.2.89
[04Jul2026 18:23:39.746] [NeoForge Version Check/INFO] [net.neoforged.fml.VersionChecker/]: [hordes] Starting version check at https://raw.githubusercontent.com/SmileycorpMC/The-Hordes/1.21/update.json
[04Jul2026 18:23:39.753] [NeoForge Version Check/INFO] [net.neoforged.fml.VersionChecker/]: [hordes] Found status: OUTDATED Current: 1.6.1b Target: 1.6.3c
[04Jul2026 18:23:39.753] [NeoForge Version Check/INFO] [net.neoforged.fml.VersionChecker/]: [ctov] Starting version check at https://api.modrinth.com/updates/fgmhI8kH/forge_updates.json
[04Jul2026 18:23:40.030] [NeoForge Version Check/INFO] [net.neoforged.fml.VersionChecker/]: [ctov] Found status: BETA Current: 3.6.0 Target: null
[04Jul2026 18:23:40.030] [NeoForge Version Check/INFO] [net.neoforged.fml.VersionChecker/]: [twilightforest] Starting version check at https://gh.tamaized.com/TeamTwilight/twilightforest/update.json?m=1.21.1&l=NeoForge&v=21.1.228
[04Jul2026 18:23:40.838] [NeoForge Version Check/INFO] [net.neoforged.fml.VersionChecker/]: [twilightforest] Found status: BETA Current: 4.8.3287 Target: null
[04Jul2026 18:23:40.838] [NeoForge Version Check/INFO] [net.neoforged.fml.VersionChecker/]: [tombstone] Starting version check at https://raw.githubusercontent.com/Corail31/tombstone_lite/master/neoforge-update.json
[04Jul2026 18:23:40.846] [NeoForge Version Check/INFO] [net.neoforged.fml.VersionChecker/]: [tombstone] Found status: OUTDATED Current: 9.4.8 Target: 9.5.1
[04Jul2026 18:23:40.846] [NeoForge Version Check/INFO] [net.neoforged.fml.VersionChecker/]: [atlaslib] Starting version check at https://raw.githubusercontent.com/SmileycorpMC/Atlas-Lib/1.21/update.json
[04Jul2026 18:23:40.854] [NeoForge Version Check/WARN] [net.neoforged.fml.VersionChecker/]: Failed to process update information
com.google.gson.JsonSyntaxException: com.google.gson.stream.MalformedJsonException: Unterminated object at line 7 column 3 path $.
	at MC-BOOTSTRAP/com.google.gson@2.10.1/com.google.gson.Gson.fromJson(Gson.java:1241) ~[gson-2.10.1.jar%23126!/:?] {re:mixin}
	at MC-BOOTSTRAP/com.google.gson@2.10.1/com.google.gson.Gson.fromJson(Gson.java:1137) ~[gson-2.10.1.jar%23126!/:?] {re:mixin}
	at MC-BOOTSTRAP/com.google.gson@2.10.1/com.google.gson.Gson.fromJson(Gson.java:1047) ~[gson-2.10.1.jar%23126!/:?] {re:mixin}
	at MC-BOOTSTRAP/com.google.gson@2.10.1/com.google.gson.Gson.fromJson(Gson.java:982) ~[gson-2.10.1.jar%23126!/:?] {re:mixin}
	at MC-BOOTSTRAP/fml_loader@4.0.42/net.neoforged.fml.VersionChecker$1.process(VersionChecker.java:167) ~[loader-4.0.42.jar%2391!/:4.0] {}
	at java.base/java.lang.Iterable.forEach(Iterable.java:75) [?:?] {re:mixin}
	at MC-BOOTSTRAP/fml_loader@4.0.42/net.neoforged.fml.VersionChecker$1.run(VersionChecker.java:105) [loader-4.0.42.jar%2391!/:4.0] {}
Caused by: com.google.gson.stream.MalformedJsonException: Unterminated object at line 7 column 3 path $.
	at MC-BOOTSTRAP/com.google.gson@2.10.1/com.google.gson.stream.JsonReader.syntaxError(JsonReader.java:1659) ~[gson-2.10.1.jar%23126!/:?] {}
	at MC-BOOTSTRAP/com.google.gson@2.10.1/com.google.gson.stream.JsonReader.doPeek(JsonReader.java:500) ~[gson-2.10.1.jar%23126!/:?] {}
	at MC-BOOTSTRAP/com.google.gson@2.10.1/com.google.gson.stream.JsonReader.hasNext(JsonReader.java:422) ~[gson-2.10.1.jar%23126!/:?] {}
	at MC-BOOTSTRAP/com.google.gson@2.10.1/com.google.gson.internal.bind.MapTypeAdapterFactory$Adapter.read(MapTypeAdapterFactory.java:183) ~[gson-2.10.1.jar%23126!/:?] {}
	at MC-BOOTSTRAP/com.google.gson@2.10.1/com.google.gson.internal.bind.MapTypeAdapterFactory$Adapter.read(MapTypeAdapterFactory.java:144) ~[gson-2.10.1.jar%23126!/:?] {}
	at MC-BOOTSTRAP/com.google.gson@2.10.1/com.google.gson.Gson.fromJson(Gson.java:1227) ~[gson-2.10.1.jar%23126!/:?] {re:mixin}
	... 6 more
[04Jul2026 18:23:40.855] [NeoForge Version Check/INFO] [net.neoforged.fml.VersionChecker/]: [travelersbackpack] Starting version check at https://gist.githubusercontent.com/Tiviacz1337/906937677aa472285dff9d6c2a189d5e/raw
[04Jul2026 18:23:40.877] [NeoForge Version Check/INFO] [net.neoforged.fml.VersionChecker/]: [travelersbackpack] Found status: BETA Current: 10.1.29 Target: null
[04Jul2026 18:23:40.877] [NeoForge Version Check/INFO] [net.neoforged.fml.VersionChecker/]: [emotecraft] Starting version check at https://api.modrinth.com/updates/emotecraft/forge_updates.json?neoforge=include
[04Jul2026 18:23:41.087] [NeoForge Version Check/INFO] [net.neoforged.fml.VersionChecker/]: [emotecraft] Found status: OUTDATED Current: 2.4.12 Target: 2.4.12+1.21.1-forge
[04Jul2026 18:23:41.087] [NeoForge Version Check/INFO] [net.neoforged.fml.VersionChecker/]: [endermanoverhaul] Starting version check at https://api.modrinth.com/updates/enderman-overhaul/forge_updates.json
[04Jul2026 18:23:41.269] [NeoForge Version Check/INFO] [net.neoforged.fml.VersionChecker/]: [endermanoverhaul] Found status: BETA Current: 2.0.2 Target: null
[04Jul2026 18:23:41.269] [NeoForge Version Check/INFO] [net.neoforged.fml.VersionChecker/]: [moonlight] Starting version check at https://api.modrinth.com/updates/moonlight/neoforge_updates.json
[04Jul2026 18:23:41.438] [Cobblemon Showdown/INFO] [com.cobblemon.mod.common.Cobblemon/]: Showdown has been started!
[04Jul2026 18:23:41.439] [modloading-worker-0/INFO] [com.cobblemon.mod.common.Cobblemon/]: Registered the mega_showdown:showdown/conditions registry
[04Jul2026 18:23:41.440] [modloading-worker-0/INFO] [com.cobblemon.mod.common.Cobblemon/]: Registered the mega_showdown:showdown/held_items registry
[04Jul2026 18:23:41.440] [modloading-worker-0/INFO] [com.cobblemon.mod.common.Cobblemon/]: Registered the mega_showdown:showdown/typecharts registry
[04Jul2026 18:23:41.440] [modloading-worker-0/INFO] [com.cobblemon.mod.common.Cobblemon/]: Registered the mega_showdown:showdown/scripts registry
[04Jul2026 18:23:41.440] [modloading-worker-0/INFO] [com.cobblemon.mod.common.Cobblemon/]: Registered the cobblemon:molang registry
[04Jul2026 18:23:41.440] [NeoForge Version Check/WARN] [net.neoforged.fml.VersionChecker/]: Failed to process update information
java.lang.NullPointerException: Cannot invoke "java.util.Map.get(Object)" because "promos" is null
	at MC-BOOTSTRAP/fml_loader@4.0.42/net.neoforged.fml.VersionChecker$1.process(VersionChecker.java:173) ~[loader-4.0.42.jar%2391!/:4.0] {}
	at java.base/java.lang.Iterable.forEach(Iterable.java:75) [?:?] {re:mixin}
	at MC-BOOTSTRAP/fml_loader@4.0.42/net.neoforged.fml.VersionChecker$1.run(VersionChecker.java:105) [loader-4.0.42.jar%2391!/:4.0] {}
[04Jul2026 18:23:41.441] [NeoForge Version Check/INFO] [net.neoforged.fml.VersionChecker/]: [securitycraft] Starting version check at https://www.github.com/Geforce132/SecurityCraft/raw/master/Updates/Forge.json
[04Jul2026 18:23:41.442] [modloading-worker-0/INFO] [com.cobblemon.mod.common.Cobblemon/]: Registered the cobblemon:species_features registry
[04Jul2026 18:23:41.442] [modloading-worker-0/INFO] [com.cobblemon.mod.common.Cobblemon/]: Registered the cobblemon:global_species_features registry
[04Jul2026 18:23:41.443] [modloading-worker-0/INFO] [com.cobblemon.mod.common.Cobblemon/]: Registered the cobblemon:species_feature_assignments registry
[04Jul2026 18:23:41.449] [modloading-worker-0/INFO] [com.cobblemon.mod.common.Cobblemon/]: Registered the cobblemon:action_effects registry
[04Jul2026 18:23:41.451] [modloading-worker-0/INFO] [com.cobblemon.mod.common.Cobblemon/]: Registered the cobblemon:moves registry
[04Jul2026 18:23:41.452] [modloading-worker-0/INFO] [com.cobblemon.mod.common.Cobblemon/]: Registered the cobblemon:abilities registry
[04Jul2026 18:23:41.453] [modloading-worker-0/INFO] [com.cobblemon.mod.common.Cobblemon/]: Registered the cobblemon:behaviours registry
[04Jul2026 18:23:41.453] [modloading-worker-0/INFO] [com.cobblemon.mod.common.Cobblemon/]: Registered the cobblemon:species registry
[04Jul2026 18:23:41.453] [modloading-worker-0/INFO] [com.cobblemon.mod.common.Cobblemon/]: Registered the cobblemon:species_additions registry
[04Jul2026 18:23:41.453] [modloading-worker-0/INFO] [com.cobblemon.mod.common.Cobblemon/]: Registered the cobblemon:pokeballs registry
[04Jul2026 18:23:41.453] [modloading-worker-0/INFO] [com.cobblemon.mod.common.Cobblemon/]: Registered the cobblemon:properties_tab_completion registry
[04Jul2026 18:23:41.453] [modloading-worker-0/INFO] [com.cobblemon.mod.common.Cobblemon/]: Registered the cobblemon:spawn_detail_presets registry
[04Jul2026 18:23:41.458] [modloading-worker-0/INFO] [com.cobblemon.mod.common.Cobblemon/]: Registered the cobblemon:spawn_rules registry
[04Jul2026 18:23:41.466] [modloading-worker-0/INFO] [com.cobblemon.mod.common.Cobblemon/]: Registered the cobblemon:mechanics registry
[04Jul2026 18:23:41.466] [modloading-worker-0/INFO] [com.cobblemon.mod.common.Cobblemon/]: Registered the cobblemon:bag_items registry
[04Jul2026 18:23:41.467] [modloading-worker-0/INFO] [com.cobblemon.mod.common.Cobblemon/]: Registered the cobblemon:held_items registry
[04Jul2026 18:23:41.469] [modloading-worker-0/INFO] [com.cobblemon.mod.common.Cobblemon/]: Registered the cobblemon:dialogues registry
[04Jul2026 18:23:41.470] [modloading-worker-0/INFO] [com.cobblemon.mod.common.Cobblemon/]: Registered the cobblemon:natural_materials registry
[04Jul2026 18:23:41.471] [modloading-worker-0/INFO] [com.cobblemon.mod.common.Cobblemon/]: Registered the cobblemon:fossils registry
[04Jul2026 18:23:41.473] [modloading-worker-0/INFO] [com.cobblemon.mod.common.Cobblemon/]: Registered the cobblemon:npc_preset registry
[04Jul2026 18:23:41.475] [modloading-worker-0/INFO] [com.cobblemon.mod.common.Cobblemon/]: Registered the cobblemon:npc registry
[04Jul2026 18:23:41.476] [modloading-worker-0/INFO] [com.cobblemon.mod.common.Cobblemon/]: Registered the cobblemon:dex_entries registry
[04Jul2026 18:23:41.477] [modloading-worker-0/INFO] [com.cobblemon.mod.common.Cobblemon/]: Registered the cobblemon:dex_entry_additions registry
[04Jul2026 18:23:41.478] [modloading-worker-0/INFO] [com.cobblemon.mod.common.Cobblemon/]: Registered the cobblemon:dexes registry
[04Jul2026 18:23:41.479] [modloading-worker-0/INFO] [com.cobblemon.mod.common.Cobblemon/]: Registered the cobblemon:dex_additions registry
[04Jul2026 18:23:41.479] [modloading-worker-0/INFO] [com.cobblemon.mod.common.Cobblemon/]: Registered the cobblemon:cosmetic_items registry
[04Jul2026 18:23:41.480] [modloading-worker-0/INFO] [com.cobblemon.mod.common.Cobblemon/]: Registered the cobblemon:callbacks registry
[04Jul2026 18:23:41.481] [modloading-worker-0/INFO] [com.cobblemon.mod.common.Cobblemon/]: Registered the cobblemon:unlockable_pc_box_wallpapers registry
[04Jul2026 18:23:41.481] [modloading-worker-0/INFO] [com.cobblemon.mod.common.Cobblemon/]: Registered the cobblemon:marks registry
[04Jul2026 18:23:41.482] [modloading-worker-0/INFO] [com.cobblemon.mod.common.Cobblemon/]: Registered the cobblemon:starters registry
[04Jul2026 18:23:41.486] [modloading-worker-0/INFO] [com.cobblemon.mod.common.Cobblemon/]: Registered the cobblemon:spawn_pool_world registry
[04Jul2026 18:23:41.487] [modloading-worker-0/INFO] [com.cobblemon.mod.common.Cobblemon/]: Registered the cobblemon:pokerods registry
[04Jul2026 18:23:41.493] [modloading-worker-0/INFO] [com.cobblemon.mod.common.Cobblemon/]: Registered the cobblemon:berries registry
[04Jul2026 18:23:41.495] [modloading-worker-0/INFO] [com.cobblemon.mod.common.Cobblemon/]: Registered the cobblemon:seasonings registry
[04Jul2026 18:23:41.499] [modloading-worker-0/INFO] [com.cobblemon.mod.common.Cobblemon/]: Registered the cobblemon:pokemon_interactions registry
[04Jul2026 18:23:41.501] [modloading-worker-0/INFO] [com.cobblemon.mod.common.Cobblemon/]: Registered the cobblemon:spawn_bait_effects registry
[04Jul2026 18:23:41.502] [modloading-worker-0/INFO] [com.cobblemon.mod.common.Cobblemon/]: Registered the cobblemon:ride_settings registry
[04Jul2026 18:23:41.540] [modloading-sync-worker/INFO] [Supplementaries/]: Finished mod setup in: [0, 0, 2, 0, 2, 0] ms
[04Jul2026 18:23:41.542] [modloading-sync-worker/INFO] [com.razz.decocraft.Decocraft/]: Initializing ModuleItems...
[04Jul2026 18:23:41.542] [modloading-sync-worker/INFO] [com.razz.decocraft.Decocraft/]: ModuleItems initialized
[04Jul2026 18:23:41.542] [modloading-sync-worker/INFO] [com.razz.decocraft.Decocraft/]: Initializing ModuleEntities...
[04Jul2026 18:23:41.542] [modloading-sync-worker/INFO] [com.razz.decocraft.Decocraft/]: ModuleEntities initialized
[04Jul2026 18:23:41.542] [modloading-sync-worker/INFO] [com.razz.decocraft.Decocraft/]: Initializing ModuleTileEntities...
[04Jul2026 18:23:41.542] [modloading-sync-worker/INFO] [com.razz.decocraft.Decocraft/]: ModuleTileEntities initialized (block entities already registered as static final fields)
[04Jul2026 18:23:41.542] [modloading-sync-worker/INFO] [com.razz.decocraft.Decocraft/]: Initializing ModuleSounds...
[04Jul2026 18:23:41.542] [modloading-sync-worker/INFO] [com.razz.decocraft.Decocraft/]: ModuleSounds initialized
[04Jul2026 18:23:41.542] [modloading-sync-worker/INFO] [com.razz.decocraft.Decocraft/]: Initializing ModuleScreenHandlers...
[04Jul2026 18:23:41.542] [modloading-sync-worker/INFO] [com.razz.decocraft.Decocraft/]: ModuleScreenHandlers initialized
[04Jul2026 18:23:41.542] [modloading-sync-worker/INFO] [com.razz.decocraft.Decocraft/]: Initializing ModuleParticleTypes...
[04Jul2026 18:23:41.542] [modloading-sync-worker/INFO] [com.razz.decocraft.Decocraft/]: ModuleParticleTypes initialized (particle types already registered as static final fields)
[04Jul2026 18:23:41.542] [modloading-sync-worker/INFO] [com.razz.decocraft.Decocraft/]: Registering bed sleep handler events...
[04Jul2026 18:23:41.542] [modloading-sync-worker/INFO] [com.razz.decocraft.Decocraft/]: Decocraft common setup enqueued work complete
[04Jul2026 18:23:41.560] [modloading-sync-worker/INFO] [com.tiviacz.travelersbackpack.TravelersBackpack/]: Registered the FluidEffect with Unique ID of minecraft:water for Water (Fluid Amount Required: 1000) with the ID 0
[04Jul2026 18:23:41.560] [modloading-sync-worker/INFO] [com.tiviacz.travelersbackpack.TravelersBackpack/]: Registered the FluidEffect with Unique ID of minecraft:lava for Lava (Fluid Amount Required: 1000) with the ID 1
[04Jul2026 18:23:41.560] [modloading-sync-worker/INFO] [com.tiviacz.travelersbackpack.TravelersBackpack/]: Registered the FluidEffect with Unique ID of travelersbackpack:potion for item.minecraft.potion.effect.empty.effect.empty (Fluid Amount Required: 250) with the ID 2
[04Jul2026 18:23:41.560] [modloading-sync-worker/INFO] [com.tiviacz.travelersbackpack.TravelersBackpack/]: Registered the FluidEffect with Unique ID of minecraft:milk for Milk (Fluid Amount Required: 1000) with the ID 3
[04Jul2026 18:23:41.604] [modloading-sync-worker/INFO] [Moonlight/]: Initialized color sets in 42ms
[04Jul2026 18:23:41.605] [modloading-sync-worker/ERROR] [Moonlight/]: Fabric API detected! This is not a Fabric mod, so please dont report related issues to MoonlightLib or its dependant. This can usually happen with connector or when having a mod that does NOT have a proper native Neoforge implementation as they SHOULD. This can easily lead to poor compatibility and issues. Proceed ar your own risk. 
 Mods that bundled Fabric API: [net.neoforged.fml.loading.moddiscovery.ModInfo@6d293993, net.neoforged.fml.loading.moddiscovery.ModInfo@475f5672]
[04Jul2026 18:23:42.034] [modloading-sync-worker/ERROR] [net.neoforged.fml.common.asm.RuntimeDistCleaner/DISTXFORM]: Attempted to load class net/minecraft/client/gui/screens/Screen for invalid dist DEDICATED_SERVER
[04Jul2026 18:23:42.074] [NeoForge Version Check/INFO] [net.neoforged.fml.VersionChecker/]: [securitycraft] Found status: UP_TO_DATE Current: 1.10.1 Target: null
[04Jul2026 18:23:42.195] [main/INFO] [com.mojang.authlib.yggdrasil.YggdrasilAuthenticationService/]: Environment: Environment[sessionHost=https://sessionserver.mojang.com, servicesHost=https://api.minecraftservices.com, name=PROD]
[04Jul2026 18:23:42.247] [main/INFO] [bclib/]: Ignoring Patch{ModCore: betternether (betternether):5.3.5:328453}
[04Jul2026 18:23:42.247] [main/INFO] [bclib/]: Ignoring Patch{ModCore: betternether (betternether):8.2.2:524802}
[04Jul2026 18:23:42.247] [main/INFO] [bclib/]: Ignoring Patch{ModCore: betternether (betternether):9.0.1:589825}
[04Jul2026 18:23:42.247] [main/INFO] [bclib/]: Ignoring Patch{ModCore: bclib (bclib):3.0.11:196619}
[04Jul2026 18:23:42.247] [main/INFO] [bclib/]: Running Pre Patchers on .\world\.
[04Jul2026 18:23:42.259] [main/INFO] [bclib/]: Everything up to date
[04Jul2026 18:23:42.293] [main/WARN] [net.minecraft.server.packs.VanillaPackResourcesBuilder/]: Assets URL 'union:/C:/Users/buceda/Documents/GitHub/plomeros/plomeros-mc/libraries/net/minecraft/server/1.21.1-20240808.144430/server-1.21.1-20240808.144430-srg.jar%23261!/assets/.mcassetsroot' uses unexpected schema
[04Jul2026 18:23:42.293] [main/WARN] [net.minecraft.server.packs.VanillaPackResourcesBuilder/]: Assets URL 'union:/C:/Users/buceda/Documents/GitHub/plomeros/plomeros-mc/libraries/net/minecraft/server/1.21.1-20240808.144430/server-1.21.1-20240808.144430-srg.jar%23261!/data/.mcassetsroot' uses unexpected schema
[04Jul2026 18:23:42.385] [main/INFO] [Moonlight/]: Resource cache state for SERVER_DATA: up to date
[04Jul2026 18:23:42.393] [main/INFO] [Moonlight/]: Populated search tree for pack at C:\Users\buceda\Documents\GitHub\plomeros\plomeros-mc\dynamic-data-pack-cache\supplementaries-generated_pack in 6.057 ms
[04Jul2026 18:23:42.393] [main/INFO] [Moonlight/]: Starting runtime resource generation for pack type SERVER_DATA with generators [supplementaries:generated_pack]
[04Jul2026 18:23:42.397] [main/INFO] [Moonlight/]: Skipping regeneration for Dynamic SERVER_DATA Resources Provider [supplementaries:generated_pack] (cache up-to-date)
[04Jul2026 18:23:42.397] [main/INFO] [Moonlight/]: Finished runtime resources generation for 1 packs in a total of 4.806 ms 
[04Jul2026 18:23:43.196] [main/INFO] [wover-generator/]: Updating Pickers for WoVer - The End  BiomeSource (63e9ad6)
[04Jul2026 18:23:43.199] [main/INFO] [wover-generator/]: Unable to build Biome List yet
[04Jul2026 18:23:43.202] [main/INFO] [wover-generator/]: Created WoverChunkGenerator with org.betterx.wover.generator.impl.biomesource.end.WoverEndBiomeSource
[04Jul2026 18:23:43.202] [main/INFO] [wover-generator/]: Updating Pickers for WoVer - Nether BiomeSource (70db1c3d)
[04Jul2026 18:23:43.202] [main/INFO] [wover-generator/]: Unable to build Biome List yet
[04Jul2026 18:23:43.203] [main/INFO] [wover-generator/]: Created WoverChunkGenerator with org.betterx.wover.generator.impl.biomesource.nether.WoverNetherBiomeSource
[04Jul2026 18:23:43.205] [main/INFO] [wover-generator/]: Updating Pickers for WoVer - The End  BiomeSource (70c4a175)
[04Jul2026 18:23:43.205] [main/INFO] [wover-generator/]: Unable to build Biome List yet
[04Jul2026 18:23:43.205] [main/INFO] [wover-generator/]: Created WoverChunkGenerator with org.betterx.wover.generator.impl.biomesource.end.WoverEndBiomeSource
[04Jul2026 18:23:43.205] [main/INFO] [wover-generator/]: Updating Pickers for WoVer - Nether BiomeSource (2cce665f)
[04Jul2026 18:23:43.205] [main/INFO] [wover-generator/]: Unable to build Biome List yet
[04Jul2026 18:23:43.205] [main/INFO] [wover-generator/]: Created WoverChunkGenerator with org.betterx.wover.generator.impl.biomesource.nether.WoverNetherBiomeSource
[04Jul2026 18:23:43.205] [main/INFO] [wover-generator/]: Updating Pickers for WoVer - The End  BiomeSource (147b2c8a)
[04Jul2026 18:23:43.205] [main/INFO] [wover-generator/]: Unable to build Biome List yet
[04Jul2026 18:23:43.206] [main/INFO] [wover-generator/]: Created WoverChunkGenerator with org.betterx.wover.generator.impl.biomesource.end.WoverEndBiomeSource
[04Jul2026 18:23:43.206] [main/INFO] [wover-generator/]: Updating Pickers for WoVer - Nether BiomeSource (c260dae)
[04Jul2026 18:23:43.206] [main/INFO] [wover-generator/]: Unable to build Biome List yet
[04Jul2026 18:23:43.206] [main/INFO] [wover-generator/]: Created WoverChunkGenerator with org.betterx.wover.generator.impl.biomesource.nether.WoverNetherBiomeSource
[04Jul2026 18:23:43.616] [main/INFO] [wover-generator/]: Updating Pickers for WoVer - Nether BiomeSource (13d08af0)
[04Jul2026 18:23:43.616] [main/INFO] [wover-generator/]: Unable to build Biome List yet
[04Jul2026 18:23:43.617] [main/INFO] [wover-generator/]: Created WoverChunkGenerator with org.betterx.wover.generator.impl.biomesource.nether.WoverNetherBiomeSource
[04Jul2026 18:23:43.617] [main/INFO] [wover-generator/]: Updating Pickers for WoVer - The End  BiomeSource (36360d08)
[04Jul2026 18:23:43.617] [main/INFO] [wover-generator/]: Unable to build Biome List yet
[04Jul2026 18:23:43.617] [main/INFO] [wover-generator/]: Created WoverChunkGenerator with org.betterx.wover.generator.impl.biomesource.end.WoverEndBiomeSource
[04Jul2026 18:23:43.949] [Worker-Main-3/INFO] [cobblegachamachine/]: Building loot table for: cobblegachamachine:capsules/normal_capsule
[04Jul2026 18:23:43.949] [Worker-Main-3/INFO] [cobblegachamachine/]: Adding MegaShowdown items to: cobblegachamachine:capsules/normal_capsule
[04Jul2026 18:23:43.997] [Worker-Main-3/INFO] [Silent Gear/]: Injecting loot table 'ResourceKey[minecraft:loot_table / silentgear:inject/minecraft/chests/bastion_bridge]' into 'minecraft:chests/bastion_bridge'
[04Jul2026 18:23:44.026] [Worker-Main-3/INFO] [cobblegachamachine/]: Building loot table for: cobblegachamachine:capsules/rare_capsule
[04Jul2026 18:23:44.027] [Worker-Main-3/INFO] [cobblegachamachine/]: Adding MegaShowdown items to: cobblegachamachine:capsules/rare_capsule
[04Jul2026 18:23:44.033] [Worker-Main-3/INFO] [cobblegachamachine/]: Building loot table for: cobblegachamachine:capsules/ultra_rare_capsule
[04Jul2026 18:23:44.033] [Worker-Main-3/INFO] [cobblegachamachine/]: Adding MegaShowdown items to: cobblegachamachine:capsules/ultra_rare_capsule
[04Jul2026 18:23:44.056] [Worker-Main-3/ERROR] [betternether/]: Unable to building bartering table
[04Jul2026 18:23:44.111] [Worker-Main-3/INFO] [Silent Gear/]: Injecting loot table 'ResourceKey[minecraft:loot_table / silentgear:inject/minecraft/chests/bastion_other]' into 'minecraft:chests/bastion_other'
[04Jul2026 18:23:44.139] [Worker-Main-3/INFO] [Silent Gear/]: Injecting loot table 'ResourceKey[minecraft:loot_table / silentgear:inject/minecraft/chests/ruined_portal]' into 'minecraft:chests/ruined_portal'
[04Jul2026 18:23:44.176] [Worker-Main-3/INFO] [Silent Gear/]: Injecting loot table 'ResourceKey[minecraft:loot_table / silentgear:inject/minecraft/chests/bastion_treasure]' into 'minecraft:chests/bastion_treasure'
[04Jul2026 18:23:44.182] [Worker-Main-3/INFO] [Silent Gear/]: Injecting loot table 'ResourceKey[minecraft:loot_table / silentgear:inject/minecraft/chests/nether_bridge]' into 'minecraft:chests/nether_bridge'
[04Jul2026 18:23:44.284] [Worker-Main-3/WARN] [net.minecraft.server.ReloadableServerRegistries/]: Found loot table element validation problem in {minecraft:loot_table:repurposed_structures:chests/outposts/giant_tree_taiga}.pools[7].entries[0]: Unknown loot table called supplementaries:inject/pillager_quiver
[04Jul2026 18:23:44.284] [Worker-Main-3/WARN] [net.minecraft.server.ReloadableServerRegistries/]: Found loot table element validation problem in {minecraft:loot_table:repurposed_structures:chests/outposts/warped}.pools[4].entries[0]: Unknown loot table called supplementaries:inject/pillager_quiver
[04Jul2026 18:23:44.284] [Worker-Main-3/WARN] [net.minecraft.server.ReloadableServerRegistries/]: Found loot table element validation problem in {minecraft:loot_table:repurposed_structures:chests/outposts/ocean}.pools[7].entries[0]: Unknown loot table called supplementaries:inject/pillager_quiver
[04Jul2026 18:23:44.284] [Worker-Main-3/WARN] [net.minecraft.server.ReloadableServerRegistries/]: Found loot table element validation problem in {minecraft:loot_table:minecraft:chests/pillager_outpost}.pools[2].entries[0]: Unknown loot table called supplementaries:inject/pillager_quiver
[04Jul2026 18:23:44.284] [Worker-Main-3/WARN] [net.minecraft.server.ReloadableServerRegistries/]: Found loot table element validation problem in {minecraft:loot_table:repurposed_structures:chests/outposts/jungle}.pools[7].entries[0]: Unknown loot table called supplementaries:inject/pillager_quiver
[04Jul2026 18:23:44.284] [Worker-Main-3/WARN] [net.minecraft.server.ReloadableServerRegistries/]: Found loot table element validation problem in {minecraft:loot_table:repurposed_structures:chests/outposts/mangrove}.pools[7].entries[0]: Unknown loot table called supplementaries:inject/pillager_quiver
[04Jul2026 18:23:44.284] [Worker-Main-3/WARN] [net.minecraft.server.ReloadableServerRegistries/]: Found loot table element validation problem in {minecraft:loot_table:dungeons_arise:chests/illager_campsite/illager_campsite_tent}.pools[5].entries[0]->{minecraft:chests/pillager_outpost}.pools[2].entries[0]: Unknown loot table called supplementaries:inject/pillager_quiver
[04Jul2026 18:23:44.284] [Worker-Main-3/WARN] [net.minecraft.server.ReloadableServerRegistries/]: Found loot table element validation problem in {minecraft:loot_table:repurposed_structures:chests/outposts/desert}.pools[7].entries[0]: Unknown loot table called supplementaries:inject/pillager_quiver
[04Jul2026 18:23:44.284] [Worker-Main-3/WARN] [net.minecraft.server.ReloadableServerRegistries/]: Found loot table element validation problem in {minecraft:loot_table:dungeons_arise:chests/illager_campsite/illager_campsite_map}.pools[7].entries[0]->{minecraft:chests/pillager_outpost}.pools[2].entries[0]: Unknown loot table called supplementaries:inject/pillager_quiver
[04Jul2026 18:23:44.284] [Worker-Main-3/WARN] [net.minecraft.server.ReloadableServerRegistries/]: Found loot table element validation problem in {minecraft:loot_table:repurposed_structures:chests/outposts/soul}.pools[4].entries[0]: Unknown loot table called supplementaries:inject/pillager_quiver
[04Jul2026 18:23:44.284] [Worker-Main-3/WARN] [net.minecraft.server.ReloadableServerRegistries/]: Found loot table element validation problem in {minecraft:loot_table:repurposed_structures:chests/outposts/badlands}.pools[7].entries[0]: Unknown loot table called supplementaries:inject/pillager_quiver
[04Jul2026 18:23:44.284] [Worker-Main-3/WARN] [net.minecraft.server.ReloadableServerRegistries/]: Found loot table element validation problem in {minecraft:loot_table:repurposed_structures:chests/outposts/savanna}.pools[7].entries[0]: Unknown loot table called supplementaries:inject/pillager_quiver
[04Jul2026 18:23:44.284] [Worker-Main-3/WARN] [net.minecraft.server.ReloadableServerRegistries/]: Found loot table element validation problem in {minecraft:loot_table:repurposed_structures:chests/outposts/taiga}.pools[7].entries[0]: Unknown loot table called supplementaries:inject/pillager_quiver
[04Jul2026 18:23:44.284] [Worker-Main-3/WARN] [net.minecraft.server.ReloadableServerRegistries/]: Found loot table element validation problem in {minecraft:loot_table:supplementaries:loot/galleon/safe}.pools[0].entries[3]: Unreachable entry!
[04Jul2026 18:23:44.284] [Worker-Main-3/WARN] [net.minecraft.server.ReloadableServerRegistries/]: Found loot table element validation problem in {minecraft:loot_table:repurposed_structures:chests/outposts/icy}.pools[7].entries[0]: Unknown loot table called supplementaries:inject/pillager_quiver
[04Jul2026 18:23:44.284] [Worker-Main-3/WARN] [net.minecraft.server.ReloadableServerRegistries/]: Found loot table element validation problem in {minecraft:loot_table:repurposed_structures:chests/outposts/crimson}.pools[4].entries[0]: Unknown loot table called supplementaries:inject/pillager_quiver
[04Jul2026 18:23:44.284] [Worker-Main-3/WARN] [net.minecraft.server.ReloadableServerRegistries/]: Found loot table element validation problem in {minecraft:loot_table:repurposed_structures:chests/outposts/oak}.pools[8].entries[0]: Unknown loot table called supplementaries:inject/pillager_quiver
[04Jul2026 18:23:44.284] [Worker-Main-3/WARN] [net.minecraft.server.ReloadableServerRegistries/]: Found loot table element validation problem in {minecraft:loot_table:repurposed_structures:chests/outposts/nether_brick}.pools[4].entries[0]: Unknown loot table called supplementaries:inject/pillager_quiver
[04Jul2026 18:23:44.284] [Worker-Main-3/WARN] [net.minecraft.server.ReloadableServerRegistries/]: Found loot table element validation problem in {minecraft:loot_table:repurposed_structures:chests/outposts/birch}.pools[7].entries[0]: Unknown loot table called supplementaries:inject/pillager_quiver
[04Jul2026 18:23:44.284] [Worker-Main-3/WARN] [net.minecraft.server.ReloadableServerRegistries/]: Found loot table element validation problem in {minecraft:loot_table:repurposed_structures:chests/outposts/snowy}.pools[7].entries[0]: Unknown loot table called supplementaries:inject/pillager_quiver
[04Jul2026 18:23:44.284] [Worker-Main-3/WARN] [net.minecraft.server.ReloadableServerRegistries/]: Found loot table element validation problem in {minecraft:loot_table:repurposed_structures:chests/outposts/basalt}.pools[4].entries[0]: Unknown loot table called supplementaries:inject/pillager_quiver
[04Jul2026 18:23:44.284] [Worker-Main-3/WARN] [net.minecraft.server.ReloadableServerRegistries/]: Found loot table element validation problem in {minecraft:loot_table:supplementaries:loot/galleon/safe}.pools[2].entries[1]: Unreachable entry!
[04Jul2026 18:23:44.549] [Worker-Main-3/INFO] [atomicstryker.ruins.common.RuinsMod/]: Ruins registerCommands
[04Jul2026 18:23:44.609] [Worker-Main-3/INFO] [AE2:C/]: Scanning class appeng.server.testplots.AutoCraftingTestPlots for plots
[04Jul2026 18:23:44.611] [Worker-Main-3/INFO] [AE2:C/]: Scanning class appeng.server.testplots.SpawnExtraGridTestTools for plots
[04Jul2026 18:23:44.611] [Worker-Main-3/INFO] [AE2:C/]: Scanning class appeng.server.testplots.PatternProviderPlots for plots
[04Jul2026 18:23:44.611] [Worker-Main-3/INFO] [AE2:C/]: Scanning class appeng.server.testplots.CrystalResonanceGeneratorTestPlots for plots
[04Jul2026 18:23:44.611] [Worker-Main-3/INFO] [AE2:C/]: Scanning class appeng.server.testplots.InterfaceTestPlots for plots
[04Jul2026 18:23:44.611] [Worker-Main-3/INFO] [AE2:C/]: Scanning class appeng.server.testplots.PatternProviderLockModePlots for plots
[04Jul2026 18:23:44.611] [Worker-Main-3/INFO] [AE2:C/]: Scanning class appeng.server.testplots.ItemP2PTestPlots for plots
[04Jul2026 18:23:44.611] [Worker-Main-3/INFO] [AE2:C/]: Scanning class appeng.server.testplots.InvalidPatternTestPlot for plots
[04Jul2026 18:23:44.611] [Worker-Main-3/INFO] [AE2:C/]: Scanning class appeng.server.testplots.MemoryCardTestPlots for plots
[04Jul2026 18:23:44.611] [Worker-Main-3/INFO] [AE2:C/]: Scanning class appeng.server.testplots.AnnihilationPlaneTests for plots
[04Jul2026 18:23:44.611] [Worker-Main-3/INFO] [AE2:C/]: Scanning class appeng.server.testplots.InscriberTestPlots for plots
[04Jul2026 18:23:44.615] [Worker-Main-3/INFO] [AE2:C/]: Scanning class appeng.server.testplots.GuidebookPlot for plots
[04Jul2026 18:23:44.616] [Worker-Main-3/INFO] [AE2:C/]: Scanning class appeng.server.testplots.SubnetPlots for plots
[04Jul2026 18:23:44.616] [Worker-Main-3/INFO] [AE2:C/]: Scanning class appeng.server.testplots.P2PTestPlots for plots
[04Jul2026 18:23:44.616] [Worker-Main-3/INFO] [AE2:C/]: Scanning class appeng.server.testplots.QnbTestPlots for plots
[04Jul2026 18:23:44.616] [Worker-Main-3/INFO] [AE2:C/]: Scanning class appeng.server.testplots.ExternalEnergyTestPlots for plots
[04Jul2026 18:23:44.616] [Worker-Main-3/INFO] [AE2:C/]: Scanning class appeng.server.testplots.ChannelTests for plots
[04Jul2026 18:23:44.616] [Worker-Main-3/INFO] [AE2:C/]: Scanning class appeng.server.testplots.TestPlots for plots
[04Jul2026 18:23:44.616] [Worker-Main-3/INFO] [AE2:C/]: Scanning class appeng.server.testplots.SpatialTestPlots for plots
[04Jul2026 18:23:44.736] [Worker-Main-9/INFO] [fightorflight/]: [FOF] Preparing to read move data
[04Jul2026 18:23:45.379] [main/INFO] [bclib/]: Disabling Recipe: bclib:test_star
[04Jul2026 18:23:45.415] [main/ERROR] [net.minecraft.world.item.crafting.RecipeManager/]: Parsing error loading recipe undead_revamp2:smokebombrep
com.google.gson.JsonParseException: Item stack with stack size of 8 was larger than maximum: 1
	at MC-BOOTSTRAP/datafixerupper@8.0.16/com.mojang.serialization.DataResult$Error.getOrThrow(DataResult.java:287) ~[datafixerupper-8.0.16.jar%23132!/:?] {re:mixin}
	at TRANSFORMER/minecraft@1.21.1/net.minecraft.world.item.crafting.RecipeManager.apply(RecipeManagerMixin_NeoForge.java:60) ~[server-1.21.1-20240808.144430-srg.jar%23261!/:?] {re:mixin,pl:accesstransformer:B,pl:connector_pre_launch:A,re:classloading,pl:accesstransformer:B,pl:mixin:A,pl:connector_pre_launch:A}
	at TRANSFORMER/minecraft@1.21.1/net.minecraft.world.item.crafting.RecipeManager.apply(RecipeManagerMixin_NeoForge.java:36) ~[server-1.21.1-20240808.144430-srg.jar%23261!/:?] {re:mixin,pl:accesstransformer:B,pl:connector_pre_launch:A,re:classloading,pl:accesstransformer:B,pl:mixin:A,pl:connector_pre_launch:A}
	at TRANSFORMER/minecraft@1.21.1/net.minecraft.server.packs.resources.SimplePreparableReloadListener.lambda$reload$1(SimplePreparableReloadListener.java:19) ~[server-1.21.1-20240808.144430-srg.jar%23261!/:?] {re:mixin,pl:connector_pre_launch:A,re:computing_frames,pl:connector_pre_launch:A,re:classloading,pl:mixin:APP:moonlight.mixins.json:ConditionHackMixin from mod moonlight,pl:mixin:APP:fabric-resource-conditions-api-v1.mixins.json:SinglePreparationResourceReloaderMixin from mod fabric_resource_conditions_api_v1,pl:mixin:A,pl:connector_pre_launch:A}
	at java.base/java.util.concurrent.CompletableFuture$UniAccept.tryFire(CompletableFuture.java:718) ~[?:?] {}
	at java.base/java.util.concurrent.CompletableFuture$Completion.run(CompletableFuture.java:482) ~[?:?] {}
	at TRANSFORMER/minecraft@1.21.1/net.minecraft.server.packs.resources.SimpleReloadInstance.lambda$new$3(SimpleReloadInstance.java:69) ~[server-1.21.1-20240808.144430-srg.jar%23261!/:?] {re:mixin,pl:accesstransformer:B,pl:connector_pre_launch:A,re:classloading,pl:accesstransformer:B,pl:mixin:APP:fabric-resource-loader-v0.mixins.json:SimpleResourceReloadMixin from mod fabric_resource_loader_v0,pl:mixin:A,pl:connector_pre_launch:A}
	at TRANSFORMER/minecraft@1.21.1/net.minecraft.Util.blockUntilDone(Util.java:872) ~[server-1.21.1-20240808.144430-srg.jar%23261!/:?] {re:mixin,pl:connector_pre_launch:A,re:classloading,pl:mixin:APP:bettermineshafts.mixins.json:SuppressLogMixin from mod bettermineshafts,pl:mixin:A,pl:connector_pre_launch:A}
	at TRANSFORMER/minecraft@1.21.1/net.minecraft.Util.blockUntilDone(Util.java:861) ~[server-1.21.1-20240808.144430-srg.jar%23261!/:?] {re:mixin,pl:connector_pre_launch:A,re:classloading,pl:mixin:APP:bettermineshafts.mixins.json:SuppressLogMixin from mod bettermineshafts,pl:mixin:A,pl:connector_pre_launch:A}
	at TRANSFORMER/minecraft@1.21.1/net.minecraft.server.Main.main(Main.java:204) ~[server-1.21.1-20240808.144430-srg.jar%23261!/:?] {re:mixin,pl:accesstransformer:B,pl:connector_pre_launch:A,re:classloading,pl:accesstransformer:B,pl:mixin:A,pl:connector_pre_launch:A}
	at java.base/jdk.internal.reflect.DirectMethodHandleAccessor.invoke(DirectMethodHandleAccessor.java:103) ~[?:?] {}
	at java.base/java.lang.reflect.Method.invoke(Method.java:580) ~[?:?] {re:mixin}
	at MC-BOOTSTRAP/fml_loader@4.0.42/net.neoforged.fml.loading.targets.CommonLaunchHandler.runTarget(CommonLaunchHandler.java:136) ~[loader-4.0.42.jar%2391!/:4.0] {}
	at MC-BOOTSTRAP/fml_loader@4.0.42/net.neoforged.fml.loading.targets.CommonLaunchHandler.serverService(CommonLaunchHandler.java:128) ~[loader-4.0.42.jar%2391!/:4.0] {}
	at MC-BOOTSTRAP/fml_loader@4.0.42/net.neoforged.fml.loading.targets.CommonServerLaunchHandler.runService(CommonServerLaunchHandler.java:32) ~[loader-4.0.42.jar%2391!/:4.0] {}
	at MC-BOOTSTRAP/fml_loader@4.0.42/net.neoforged.fml.loading.targets.CommonLaunchHandler.lambda$launchService$4(CommonLaunchHandler.java:118) ~[loader-4.0.42.jar%2391!/:4.0] {}
	at MC-BOOTSTRAP/cpw.mods.modlauncher@11.0.5/cpw.mods.modlauncher.LaunchServiceHandlerDecorator.launch(LaunchServiceHandlerDecorator.java:30) [modlauncher-11.0.5.jar%2396!/:?] {}
	at MC-BOOTSTRAP/cpw.mods.modlauncher@11.0.5/cpw.mods.modlauncher.LaunchServiceHandler.launch(LaunchServiceHandler.java:53) [modlauncher-11.0.5.jar%2396!/:?] {}
	at MC-BOOTSTRAP/cpw.mods.modlauncher@11.0.5/cpw.mods.modlauncher.LaunchServiceHandler.launch(LaunchServiceHandler.java:71) [modlauncher-11.0.5.jar%2396!/:?] {}
	at MC-BOOTSTRAP/cpw.mods.modlauncher@11.0.5/cpw.mods.modlauncher.Launcher.run(Launcher.java:103) [modlauncher-11.0.5.jar%2396!/:?] {}
	at MC-BOOTSTRAP/cpw.mods.modlauncher@11.0.5/cpw.mods.modlauncher.Launcher.main(Launcher.java:74) [modlauncher-11.0.5.jar%2396!/:?] {}
	at MC-BOOTSTRAP/cpw.mods.modlauncher@11.0.5/cpw.mods.modlauncher.BootstrapLaunchConsumer.accept(BootstrapLaunchConsumer.java:26) [modlauncher-11.0.5.jar%2396!/:?] {}
	at MC-BOOTSTRAP/cpw.mods.modlauncher@11.0.5/cpw.mods.modlauncher.BootstrapLaunchConsumer.accept(BootstrapLaunchConsumer.java:23) [modlauncher-11.0.5.jar%2396!/:?] {}
	at MC-BOOTSTRAP/arclight.boot@1.21.1-1.0.2-SNAPSHOT-0769551/io.izzel.arclight.boot.neoforge.application.ApplicationBootstrap.accept(ApplicationBootstrap.java:47) [arclight-neoforge-1.21.1-1.0.2-SNAPSHOT-0769551.jar%2389!/:arclight-1.21.1-1.0.2-SNAPSHOT-0769551] {}
	at MC-BOOTSTRAP/arclight.boot@1.21.1-1.0.2-SNAPSHOT-0769551/io.izzel.arclight.boot.neoforge.application.ApplicationBootstrap.accept(ApplicationBootstrap.java:14) [arclight-neoforge-1.21.1-1.0.2-SNAPSHOT-0769551.jar%2389!/:arclight-1.21.1-1.0.2-SNAPSHOT-0769551] {}
	at cpw.mods.bootstraplauncher@2.0.2/cpw.mods.bootstraplauncher.BootstrapLauncher.run(BootstrapLauncher.java:210) [bootstraplauncher-2.0.2.jar:?] {}
	at cpw.mods.bootstraplauncher@2.0.2/cpw.mods.bootstraplauncher.BootstrapLauncher.main(BootstrapLauncher.java:69) [bootstraplauncher-2.0.2.jar:?] {}
	at java.base/jdk.internal.reflect.DirectMethodHandleAccessor.invoke(DirectMethodHandleAccessor.java:103) ~[?:?] {}
	at java.base/java.lang.reflect.Method.invoke(Method.java:580) ~[?:?] {re:mixin}
	at io.izzel.arclight.boot.neoforge.application.Main_Neoforge.main(Main_Neoforge.java:23) [arclight-neoforge-1.21.1-1.0.2-SNAPSHOT-0769551.jar:arclight-1.21.1-1.0.2-SNAPSHOT-0769551] {}
	at io.izzel.arclight.server.Launcher.main(Launcher.java:39) [arclight-neoforge-1.21.1-1.0.2-SNAPSHOT-0769551.jar:arclight-1.21.1-1.0.2-SNAPSHOT-0769551] {}
[04Jul2026 18:23:45.429] [main/ERROR] [net.minecraft.world.item.crafting.RecipeManager/]: Parsing error loading recipe superbwarfare:compat/patchouli/superb_warfare_manual_crafting
com.google.gson.JsonParseException: No component with type: 'patchouli:book'; No component with type: 'patchouli:book' missed input: {"patchouli:book":"superbwarfare:superb_warfare_manual"}; Unknown registry key in ResourceKey[minecraft:root / minecraft:item]: patchouli:guide_book
	at MC-BOOTSTRAP/datafixerupper@8.0.16/com.mojang.serialization.DataResult$Error.getOrThrow(DataResult.java:287) ~[datafixerupper-8.0.16.jar%23132!/:?] {re:mixin}
	at TRANSFORMER/minecraft@1.21.1/net.minecraft.world.item.crafting.RecipeManager.apply(RecipeManagerMixin_NeoForge.java:60) ~[server-1.21.1-20240808.144430-srg.jar%23261!/:?] {re:mixin,pl:accesstransformer:B,pl:connector_pre_launch:A,re:classloading,pl:accesstransformer:B,pl:mixin:A,pl:connector_pre_launch:A}
	at TRANSFORMER/minecraft@1.21.1/net.minecraft.world.item.crafting.RecipeManager.apply(RecipeManagerMixin_NeoForge.java:36) ~[server-1.21.1-20240808.144430-srg.jar%23261!/:?] {re:mixin,pl:accesstransformer:B,pl:connector_pre_launch:A,re:classloading,pl:accesstransformer:B,pl:mixin:A,pl:connector_pre_launch:A}
	at TRANSFORMER/minecraft@1.21.1/net.minecraft.server.packs.resources.SimplePreparableReloadListener.lambda$reload$1(SimplePreparableReloadListener.java:19) ~[server-1.21.1-20240808.144430-srg.jar%23261!/:?] {re:mixin,pl:connector_pre_launch:A,re:computing_frames,pl:connector_pre_launch:A,re:classloading,pl:mixin:APP:moonlight.mixins.json:ConditionHackMixin from mod moonlight,pl:mixin:APP:fabric-resource-conditions-api-v1.mixins.json:SinglePreparationResourceReloaderMixin from mod fabric_resource_conditions_api_v1,pl:mixin:A,pl:connector_pre_launch:A}
	at java.base/java.util.concurrent.CompletableFuture$UniAccept.tryFire(CompletableFuture.java:718) ~[?:?] {}
	at java.base/java.util.concurrent.CompletableFuture$Completion.run(CompletableFuture.java:482) ~[?:?] {}
	at TRANSFORMER/minecraft@1.21.1/net.minecraft.server.packs.resources.SimpleReloadInstance.lambda$new$3(SimpleReloadInstance.java:69) ~[server-1.21.1-20240808.144430-srg.jar%23261!/:?] {re:mixin,pl:accesstransformer:B,pl:connector_pre_launch:A,re:classloading,pl:accesstransformer:B,pl:mixin:APP:fabric-resource-loader-v0.mixins.json:SimpleResourceReloadMixin from mod fabric_resource_loader_v0,pl:mixin:A,pl:connector_pre_launch:A}
	at TRANSFORMER/minecraft@1.21.1/net.minecraft.Util.blockUntilDone(Util.java:872) ~[server-1.21.1-20240808.144430-srg.jar%23261!/:?] {re:mixin,pl:connector_pre_launch:A,re:classloading,pl:mixin:APP:bettermineshafts.mixins.json:SuppressLogMixin from mod bettermineshafts,pl:mixin:A,pl:connector_pre_launch:A}
	at TRANSFORMER/minecraft@1.21.1/net.minecraft.Util.blockUntilDone(Util.java:861) ~[server-1.21.1-20240808.144430-srg.jar%23261!/:?] {re:mixin,pl:connector_pre_launch:A,re:classloading,pl:mixin:APP:bettermineshafts.mixins.json:SuppressLogMixin from mod bettermineshafts,pl:mixin:A,pl:connector_pre_launch:A}
	at TRANSFORMER/minecraft@1.21.1/net.minecraft.server.Main.main(Main.java:204) ~[server-1.21.1-20240808.144430-srg.jar%23261!/:?] {re:mixin,pl:accesstransformer:B,pl:connector_pre_launch:A,re:classloading,pl:accesstransformer:B,pl:mixin:A,pl:connector_pre_launch:A}
	at java.base/jdk.internal.reflect.DirectMethodHandleAccessor.invoke(DirectMethodHandleAccessor.java:103) ~[?:?] {}
	at java.base/java.lang.reflect.Method.invoke(Method.java:580) ~[?:?] {re:mixin}
	at MC-BOOTSTRAP/fml_loader@4.0.42/net.neoforged.fml.loading.targets.CommonLaunchHandler.runTarget(CommonLaunchHandler.java:136) ~[loader-4.0.42.jar%2391!/:4.0] {}
	at MC-BOOTSTRAP/fml_loader@4.0.42/net.neoforged.fml.loading.targets.CommonLaunchHandler.serverService(CommonLaunchHandler.java:128) ~[loader-4.0.42.jar%2391!/:4.0] {}
	at MC-BOOTSTRAP/fml_loader@4.0.42/net.neoforged.fml.loading.targets.CommonServerLaunchHandler.runService(CommonServerLaunchHandler.java:32) ~[loader-4.0.42.jar%2391!/:4.0] {}
	at MC-BOOTSTRAP/fml_loader@4.0.42/net.neoforged.fml.loading.targets.CommonLaunchHandler.lambda$launchService$4(CommonLaunchHandler.java:118) ~[loader-4.0.42.jar%2391!/:4.0] {}
	at MC-BOOTSTRAP/cpw.mods.modlauncher@11.0.5/cpw.mods.modlauncher.LaunchServiceHandlerDecorator.launch(LaunchServiceHandlerDecorator.java:30) [modlauncher-11.0.5.jar%2396!/:?] {}
	at MC-BOOTSTRAP/cpw.mods.modlauncher@11.0.5/cpw.mods.modlauncher.LaunchServiceHandler.launch(LaunchServiceHandler.java:53) [modlauncher-11.0.5.jar%2396!/:?] {}
	at MC-BOOTSTRAP/cpw.mods.modlauncher@11.0.5/cpw.mods.modlauncher.LaunchServiceHandler.launch(LaunchServiceHandler.java:71) [modlauncher-11.0.5.jar%2396!/:?] {}
	at MC-BOOTSTRAP/cpw.mods.modlauncher@11.0.5/cpw.mods.modlauncher.Launcher.run(Launcher.java:103) [modlauncher-11.0.5.jar%2396!/:?] {}
	at MC-BOOTSTRAP/cpw.mods.modlauncher@11.0.5/cpw.mods.modlauncher.Launcher.main(Launcher.java:74) [modlauncher-11.0.5.jar%2396!/:?] {}
	at MC-BOOTSTRAP/cpw.mods.modlauncher@11.0.5/cpw.mods.modlauncher.BootstrapLaunchConsumer.accept(BootstrapLaunchConsumer.java:26) [modlauncher-11.0.5.jar%2396!/:?] {}
	at MC-BOOTSTRAP/cpw.mods.modlauncher@11.0.5/cpw.mods.modlauncher.BootstrapLaunchConsumer.accept(BootstrapLaunchConsumer.java:23) [modlauncher-11.0.5.jar%2396!/:?] {}
	at MC-BOOTSTRAP/arclight.boot@1.21.1-1.0.2-SNAPSHOT-0769551/io.izzel.arclight.boot.neoforge.application.ApplicationBootstrap.accept(ApplicationBootstrap.java:47) [arclight-neoforge-1.21.1-1.0.2-SNAPSHOT-0769551.jar%2389!/:arclight-1.21.1-1.0.2-SNAPSHOT-0769551] {}
	at MC-BOOTSTRAP/arclight.boot@1.21.1-1.0.2-SNAPSHOT-0769551/io.izzel.arclight.boot.neoforge.application.ApplicationBootstrap.accept(ApplicationBootstrap.java:14) [arclight-neoforge-1.21.1-1.0.2-SNAPSHOT-0769551.jar%2389!/:arclight-1.21.1-1.0.2-SNAPSHOT-0769551] {}
	at cpw.mods.bootstraplauncher@2.0.2/cpw.mods.bootstraplauncher.BootstrapLauncher.run(BootstrapLauncher.java:210) [bootstraplauncher-2.0.2.jar:?] {}
	at cpw.mods.bootstraplauncher@2.0.2/cpw.mods.bootstraplauncher.BootstrapLauncher.main(BootstrapLauncher.java:69) [bootstraplauncher-2.0.2.jar:?] {}
	at java.base/jdk.internal.reflect.DirectMethodHandleAccessor.invoke(DirectMethodHandleAccessor.java:103) ~[?:?] {}
	at java.base/java.lang.reflect.Method.invoke(Method.java:580) ~[?:?] {re:mixin}
	at io.izzel.arclight.boot.neoforge.application.Main_Neoforge.main(Main_Neoforge.java:23) [arclight-neoforge-1.21.1-1.0.2-SNAPSHOT-0769551.jar:arclight-1.21.1-1.0.2-SNAPSHOT-0769551] {}
	at io.izzel.arclight.server.Launcher.main(Launcher.java:39) [arclight-neoforge-1.21.1-1.0.2-SNAPSHOT-0769551.jar:arclight-1.21.1-1.0.2-SNAPSHOT-0769551] {}
[04Jul2026 18:23:45.444] [main/ERROR] [net.minecraft.world.item.crafting.RecipeManager/]: Parsing error loading recipe silentgear:woodcutting/netherwood_door
com.google.gson.JsonParseException: Unknown registry key in ResourceKey[minecraft:root / minecraft:recipe_serializer]: woodcutter:woodcutting
	at MC-BOOTSTRAP/datafixerupper@8.0.16/com.mojang.serialization.DataResult$Error.getOrThrow(DataResult.java:287) ~[datafixerupper-8.0.16.jar%23132!/:?] {re:mixin}
	at TRANSFORMER/minecraft@1.21.1/net.minecraft.world.item.crafting.RecipeManager.apply(RecipeManagerMixin_NeoForge.java:60) ~[server-1.21.1-20240808.144430-srg.jar%23261!/:?] {re:mixin,pl:accesstransformer:B,pl:connector_pre_launch:A,re:classloading,pl:accesstransformer:B,pl:mixin:A,pl:connector_pre_launch:A}
	at TRANSFORMER/minecraft@1.21.1/net.minecraft.world.item.crafting.RecipeManager.apply(RecipeManagerMixin_NeoForge.java:36) ~[server-1.21.1-20240808.144430-srg.jar%23261!/:?] {re:mixin,pl:accesstransformer:B,pl:connector_pre_launch:A,re:classloading,pl:accesstransformer:B,pl:mixin:A,pl:connector_pre_launch:A}
	at TRANSFORMER/minecraft@1.21.1/net.minecraft.server.packs.resources.SimplePreparableReloadListener.lambda$reload$1(SimplePreparableReloadListener.java:19) ~[server-1.21.1-20240808.144430-srg.jar%23261!/:?] {re:mixin,pl:connector_pre_launch:A,re:computing_frames,pl:connector_pre_launch:A,re:classloading,pl:mixin:APP:moonlight.mixins.json:ConditionHackMixin from mod moonlight,pl:mixin:APP:fabric-resource-conditions-api-v1.mixins.json:SinglePreparationResourceReloaderMixin from mod fabric_resource_conditions_api_v1,pl:mixin:A,pl:connector_pre_launch:A}
	at java.base/java.util.concurrent.CompletableFuture$UniAccept.tryFire(CompletableFuture.java:718) ~[?:?] {}
	at java.base/java.util.concurrent.CompletableFuture$Completion.run(CompletableFuture.java:482) ~[?:?] {}
	at TRANSFORMER/minecraft@1.21.1/net.minecraft.server.packs.resources.SimpleReloadInstance.lambda$new$3(SimpleReloadInstance.java:69) ~[server-1.21.1-20240808.144430-srg.jar%23261!/:?] {re:mixin,pl:accesstransformer:B,pl:connector_pre_launch:A,re:classloading,pl:accesstransformer:B,pl:mixin:APP:fabric-resource-loader-v0.mixins.json:SimpleResourceReloadMixin from mod fabric_resource_loader_v0,pl:mixin:A,pl:connector_pre_launch:A}
	at TRANSFORMER/minecraft@1.21.1/net.minecraft.Util.blockUntilDone(Util.java:872) ~[server-1.21.1-20240808.144430-srg.jar%23261!/:?] {re:mixin,pl:connector_pre_launch:A,re:classloading,pl:mixin:APP:bettermineshafts.mixins.json:SuppressLogMixin from mod bettermineshafts,pl:mixin:A,pl:connector_pre_launch:A}
	at TRANSFORMER/minecraft@1.21.1/net.minecraft.Util.blockUntilDone(Util.java:861) ~[server-1.21.1-20240808.144430-srg.jar%23261!/:?] {re:mixin,pl:connector_pre_launch:A,re:classloading,pl:mixin:APP:bettermineshafts.mixins.json:SuppressLogMixin from mod bettermineshafts,pl:mixin:A,pl:connector_pre_launch:A}
	at TRANSFORMER/minecraft@1.21.1/net.minecraft.server.Main.main(Main.java:204) ~[server-1.21.1-20240808.144430-srg.jar%23261!/:?] {re:mixin,pl:accesstransformer:B,pl:connector_pre_launch:A,re:classloading,pl:accesstransformer:B,pl:mixin:A,pl:connector_pre_launch:A}
	at java.base/jdk.internal.reflect.DirectMethodHandleAccessor.invoke(DirectMethodHandleAccessor.java:103) ~[?:?] {}
	at java.base/java.lang.reflect.Method.invoke(Method.java:580) ~[?:?] {re:mixin}
	at MC-BOOTSTRAP/fml_loader@4.0.42/net.neoforged.fml.loading.targets.CommonLaunchHandler.runTarget(CommonLaunchHandler.java:136) ~[loader-4.0.42.jar%2391!/:4.0] {}
	at MC-BOOTSTRAP/fml_loader@4.0.42/net.neoforged.fml.loading.targets.CommonLaunchHandler.serverService(CommonLaunchHandler.java:128) ~[loader-4.0.42.jar%2391!/:4.0] {}
	at MC-BOOTSTRAP/fml_loader@4.0.42/net.neoforged.fml.loading.targets.CommonServerLaunchHandler.runService(CommonServerLaunchHandler.java:32) ~[loader-4.0.42.jar%2391!/:4.0] {}
	at MC-BOOTSTRAP/fml_loader@4.0.42/net.neoforged.fml.loading.targets.CommonLaunchHandler.lambda$launchService$4(CommonLaunchHandler.java:118) ~[loader-4.0.42.jar%2391!/:4.0] {}
	at MC-BOOTSTRAP/cpw.mods.modlauncher@11.0.5/cpw.mods.modlauncher.LaunchServiceHandlerDecorator.launch(LaunchServiceHandlerDecorator.java:30) [modlauncher-11.0.5.jar%2396!/:?] {}
	at MC-BOOTSTRAP/cpw.mods.modlauncher@11.0.5/cpw.mods.modlauncher.LaunchServiceHandler.launch(LaunchServiceHandler.java:53) [modlauncher-11.0.5.jar%2396!/:?] {}
	at MC-BOOTSTRAP/cpw.mods.modlauncher@11.0.5/cpw.mods.modlauncher.LaunchServiceHandler.launch(LaunchServiceHandler.java:71) [modlauncher-11.0.5.jar%2396!/:?] {}
	at MC-BOOTSTRAP/cpw.mods.modlauncher@11.0.5/cpw.mods.modlauncher.Launcher.run(Launcher.java:103) [modlauncher-11.0.5.jar%2396!/:?] {}
	at MC-BOOTSTRAP/cpw.mods.modlauncher@11.0.5/cpw.mods.modlauncher.Launcher.main(Launcher.java:74) [modlauncher-11.0.5.jar%2396!/:?] {}
	at MC-BOOTSTRAP/cpw.mods.modlauncher@11.0.5/cpw.mods.modlauncher.BootstrapLaunchConsumer.accept(BootstrapLaunchConsumer.java:26) [modlauncher-11.0.5.jar%2396!/:?] {}
	at MC-BOOTSTRAP/cpw.mods.modlauncher@11.0.5/cpw.mods.modlauncher.BootstrapLaunchConsumer.accept(BootstrapLaunchConsumer.java:23) [modlauncher-11.0.5.jar%2396!/:?] {}
	at MC-BOOTSTRAP/arclight.boot@1.21.1-1.0.2-SNAPSHOT-0769551/io.izzel.arclight.boot.neoforge.application.ApplicationBootstrap.accept(ApplicationBootstrap.java:47) [arclight-neoforge-1.21.1-1.0.2-SNAPSHOT-0769551.jar%2389!/:arclight-1.21.1-1.0.2-SNAPSHOT-0769551] {}
	at MC-BOOTSTRAP/arclight.boot@1.21.1-1.0.2-SNAPSHOT-0769551/io.izzel.arclight.boot.neoforge.application.ApplicationBootstrap.accept(ApplicationBootstrap.java:14) [arclight-neoforge-1.21.1-1.0.2-SNAPSHOT-0769551.jar%2389!/:arclight-1.21.1-1.0.2-SNAPSHOT-0769551] {}
	at cpw.mods.bootstraplauncher@2.0.2/cpw.mods.bootstraplauncher.BootstrapLauncher.run(BootstrapLauncher.java:210) [bootstraplauncher-2.0.2.jar:?] {}
	at cpw.mods.bootstraplauncher@2.0.2/cpw.mods.bootstraplauncher.BootstrapLauncher.main(BootstrapLauncher.java:69) [bootstraplauncher-2.0.2.jar:?] {}
	at java.base/jdk.internal.reflect.DirectMethodHandleAccessor.invoke(DirectMethodHandleAccessor.java:103) ~[?:?] {}
	at java.base/java.lang.reflect.Method.invoke(Method.java:580) ~[?:?] {re:mixin}
	at io.izzel.arclight.boot.neoforge.application.Main_Neoforge.main(Main_Neoforge.java:23) [arclight-neoforge-1.21.1-1.0.2-SNAPSHOT-0769551.jar:arclight-1.21.1-1.0.2-SNAPSHOT-0769551] {}
	at io.izzel.arclight.server.Launcher.main(Launcher.java:39) [arclight-neoforge-1.21.1-1.0.2-SNAPSHOT-0769551.jar:arclight-1.21.1-1.0.2-SNAPSHOT-0769551] {}
[04Jul2026 18:23:45.499] [main/ERROR] [net.minecraft.world.item.crafting.RecipeManager/]: Parsing error loading recipe silentgear:woodcutting/template_board
com.google.gson.JsonParseException: Unknown registry key in ResourceKey[minecraft:root / minecraft:recipe_serializer]: woodcutter:woodcutting
	at MC-BOOTSTRAP/datafixerupper@8.0.16/com.mojang.serialization.DataResult$Error.getOrThrow(DataResult.java:287) ~[datafixerupper-8.0.16.jar%23132!/:?] {re:mixin}
	at TRANSFORMER/minecraft@1.21.1/net.minecraft.world.item.crafting.RecipeManager.apply(RecipeManagerMixin_NeoForge.java:60) ~[server-1.21.1-20240808.144430-srg.jar%23261!/:?] {re:mixin,pl:accesstransformer:B,pl:connector_pre_launch:A,re:classloading,pl:accesstransformer:B,pl:mixin:A,pl:connector_pre_launch:A}
	at TRANSFORMER/minecraft@1.21.1/net.minecraft.world.item.crafting.RecipeManager.apply(RecipeManagerMixin_NeoForge.java:36) ~[server-1.21.1-20240808.144430-srg.jar%23261!/:?] {re:mixin,pl:accesstransformer:B,pl:connector_pre_launch:A,re:classloading,pl:accesstransformer:B,pl:mixin:A,pl:connector_pre_launch:A}
	at TRANSFORMER/minecraft@1.21.1/net.minecraft.server.packs.resources.SimplePreparableReloadListener.lambda$reload$1(SimplePreparableReloadListener.java:19) ~[server-1.21.1-20240808.144430-srg.jar%23261!/:?] {re:mixin,pl:connector_pre_launch:A,re:computing_frames,pl:connector_pre_launch:A,re:classloading,pl:mixin:APP:moonlight.mixins.json:ConditionHackMixin from mod moonlight,pl:mixin:APP:fabric-resource-conditions-api-v1.mixins.json:SinglePreparationResourceReloaderMixin from mod fabric_resource_conditions_api_v1,pl:mixin:A,pl:connector_pre_launch:A}
	at java.base/java.util.concurrent.CompletableFuture$UniAccept.tryFire(CompletableFuture.java:718) ~[?:?] {}
	at java.base/java.util.concurrent.CompletableFuture$Completion.run(CompletableFuture.java:482) ~[?:?] {}
	at TRANSFORMER/minecraft@1.21.1/net.minecraft.server.packs.resources.SimpleReloadInstance.lambda$new$3(SimpleReloadInstance.java:69) ~[server-1.21.1-20240808.144430-srg.jar%23261!/:?] {re:mixin,pl:accesstransformer:B,pl:connector_pre_launch:A,re:classloading,pl:accesstransformer:B,pl:mixin:APP:fabric-resource-loader-v0.mixins.json:SimpleResourceReloadMixin from mod fabric_resource_loader_v0,pl:mixin:A,pl:connector_pre_launch:A}
	at TRANSFORMER/minecraft@1.21.1/net.minecraft.Util.blockUntilDone(Util.java:872) ~[server-1.21.1-20240808.144430-srg.jar%23261!/:?] {re:mixin,pl:connector_pre_launch:A,re:classloading,pl:mixin:APP:bettermineshafts.mixins.json:SuppressLogMixin from mod bettermineshafts,pl:mixin:A,pl:connector_pre_launch:A}
	at TRANSFORMER/minecraft@1.21.1/net.minecraft.Util.blockUntilDone(Util.java:861) ~[server-1.21.1-20240808.144430-srg.jar%23261!/:?] {re:mixin,pl:connector_pre_launch:A,re:classloading,pl:mixin:APP:bettermineshafts.mixins.json:SuppressLogMixin from mod bettermineshafts,pl:mixin:A,pl:connector_pre_launch:A}
	at TRANSFORMER/minecraft@1.21.1/net.minecraft.server.Main.main(Main.java:204) ~[server-1.21.1-20240808.144430-srg.jar%23261!/:?] {re:mixin,pl:accesstransformer:B,pl:connector_pre_launch:A,re:classloading,pl:accesstransformer:B,pl:mixin:A,pl:connector_pre_launch:A}
	at java.base/jdk.internal.reflect.DirectMethodHandleAccessor.invoke(DirectMethodHandleAccessor.java:103) ~[?:?] {}
	at java.base/java.lang.reflect.Method.invoke(Method.java:580) ~[?:?] {re:mixin}
	at MC-BOOTSTRAP/fml_loader@4.0.42/net.neoforged.fml.loading.targets.CommonLaunchHandler.runTarget(CommonLaunchHandler.java:136) ~[loader-4.0.42.jar%2391!/:4.0] {}
	at MC-BOOTSTRAP/fml_loader@4.0.42/net.neoforged.fml.loading.targets.CommonLaunchHandler.serverService(CommonLaunchHandler.java:128) ~[loader-4.0.42.jar%2391!/:4.0] {}
	at MC-BOOTSTRAP/fml_loader@4.0.42/net.neoforged.fml.loading.targets.CommonServerLaunchHandler.runService(CommonServerLaunchHandler.java:32) ~[loader-4.0.42.jar%2391!/:4.0] {}
	at MC-BOOTSTRAP/fml_loader@4.0.42/net.neoforged.fml.loading.targets.CommonLaunchHandler.lambda$launchService$4(CommonLaunchHandler.java:118) ~[loader-4.0.42.jar%2391!/:4.0] {}
	at MC-BOOTSTRAP/cpw.mods.modlauncher@11.0.5/cpw.mods.modlauncher.LaunchServiceHandlerDecorator.launch(LaunchServiceHandlerDecorator.java:30) [modlauncher-11.0.5.jar%2396!/:?] {}
	at MC-BOOTSTRAP/cpw.mods.modlauncher@11.0.5/cpw.mods.modlauncher.LaunchServiceHandler.launch(LaunchServiceHandler.java:53) [modlauncher-11.0.5.jar%2396!/:?] {}
	at MC-BOOTSTRAP/cpw.mods.modlauncher@11.0.5/cpw.mods.modlauncher.LaunchServiceHandler.launch(LaunchServiceHandler.java:71) [modlauncher-11.0.5.jar%2396!/:?] {}
	at MC-BOOTSTRAP/cpw.mods.modlauncher@11.0.5/cpw.mods.modlauncher.Launcher.run(Launcher.java:103) [modlauncher-11.0.5.jar%2396!/:?] {}
	at MC-BOOTSTRAP/cpw.mods.modlauncher@11.0.5/cpw.mods.modlauncher.Launcher.main(Launcher.java:74) [modlauncher-11.0.5.jar%2396!/:?] {}
	at MC-BOOTSTRAP/cpw.mods.modlauncher@11.0.5/cpw.mods.modlauncher.BootstrapLaunchConsumer.accept(BootstrapLaunchConsumer.java:26) [modlauncher-11.0.5.jar%2396!/:?] {}
	at MC-BOOTSTRAP/cpw.mods.modlauncher@11.0.5/cpw.mods.modlauncher.BootstrapLaunchConsumer.accept(BootstrapLaunchConsumer.java:23) [modlauncher-11.0.5.jar%2396!/:?] {}
	at MC-BOOTSTRAP/arclight.boot@1.21.1-1.0.2-SNAPSHOT-0769551/io.izzel.arclight.boot.neoforge.application.ApplicationBootstrap.accept(ApplicationBootstrap.java:47) [arclight-neoforge-1.21.1-1.0.2-SNAPSHOT-0769551.jar%2389!/:arclight-1.21.1-1.0.2-SNAPSHOT-0769551] {}
	at MC-BOOTSTRAP/arclight.boot@1.21.1-1.0.2-SNAPSHOT-0769551/io.izzel.arclight.boot.neoforge.application.ApplicationBootstrap.accept(ApplicationBootstrap.java:14) [arclight-neoforge-1.21.1-1.0.2-SNAPSHOT-0769551.jar%2389!/:arclight-1.21.1-1.0.2-SNAPSHOT-0769551] {}
	at cpw.mods.bootstraplauncher@2.0.2/cpw.mods.bootstraplauncher.BootstrapLauncher.run(BootstrapLauncher.java:210) [bootstraplauncher-2.0.2.jar:?] {}
	at cpw.mods.bootstraplauncher@2.0.2/cpw.mods.bootstraplauncher.BootstrapLauncher.main(BootstrapLauncher.java:69) [bootstraplauncher-2.0.2.jar:?] {}
	at java.base/jdk.internal.reflect.DirectMethodHandleAccessor.invoke(DirectMethodHandleAccessor.java:103) ~[?:?] {}
	at java.base/java.lang.reflect.Method.invoke(Method.java:580) ~[?:?] {re:mixin}
	at io.izzel.arclight.boot.neoforge.application.Main_Neoforge.main(Main_Neoforge.java:23) [arclight-neoforge-1.21.1-1.0.2-SNAPSHOT-0769551.jar:arclight-1.21.1-1.0.2-SNAPSHOT-0769551] {}
	at io.izzel.arclight.server.Launcher.main(Launcher.java:39) [arclight-neoforge-1.21.1-1.0.2-SNAPSHOT-0769551.jar:arclight-1.21.1-1.0.2-SNAPSHOT-0769551] {}
[04Jul2026 18:23:45.531] [main/ERROR] [net.minecraft.world.item.crafting.RecipeManager/]: Parsing error loading recipe silentgear:woodcutting/netherwood_planks
com.google.gson.JsonParseException: Unknown registry key in ResourceKey[minecraft:root / minecraft:recipe_serializer]: woodcutter:woodcutting
	at MC-BOOTSTRAP/datafixerupper@8.0.16/com.mojang.serialization.DataResult$Error.getOrThrow(DataResult.java:287) ~[datafixerupper-8.0.16.jar%23132!/:?] {re:mixin}
	at TRANSFORMER/minecraft@1.21.1/net.minecraft.world.item.crafting.RecipeManager.apply(RecipeManagerMixin_NeoForge.java:60) ~[server-1.21.1-20240808.144430-srg.jar%23261!/:?] {re:mixin,pl:accesstransformer:B,pl:connector_pre_launch:A,re:classloading,pl:accesstransformer:B,pl:mixin:A,pl:connector_pre_launch:A}
	at TRANSFORMER/minecraft@1.21.1/net.minecraft.world.item.crafting.RecipeManager.apply(RecipeManagerMixin_NeoForge.java:36) ~[server-1.21.1-20240808.144430-srg.jar%23261!/:?] {re:mixin,pl:accesstransformer:B,pl:connector_pre_launch:A,re:classloading,pl:accesstransformer:B,pl:mixin:A,pl:connector_pre_launch:A}
	at TRANSFORMER/minecraft@1.21.1/net.minecraft.server.packs.resources.SimplePreparableReloadListener.lambda$reload$1(SimplePreparableReloadListener.java:19) ~[server-1.21.1-20240808.144430-srg.jar%23261!/:?] {re:mixin,pl:connector_pre_launch:A,re:computing_frames,pl:connector_pre_launch:A,re:classloading,pl:mixin:APP:moonlight.mixins.json:ConditionHackMixin from mod moonlight,pl:mixin:APP:fabric-resource-conditions-api-v1.mixins.json:SinglePreparationResourceReloaderMixin from mod fabric_resource_conditions_api_v1,pl:mixin:A,pl:connector_pre_launch:A}
	at java.base/java.util.concurrent.CompletableFuture$UniAccept.tryFire(CompletableFuture.java:718) ~[?:?] {}
	at java.base/java.util.concurrent.CompletableFuture$Completion.run(CompletableFuture.java:482) ~[?:?] {}
	at TRANSFORMER/minecraft@1.21.1/net.minecraft.server.packs.resources.SimpleReloadInstance.lambda$new$3(SimpleReloadInstance.java:69) ~[server-1.21.1-20240808.144430-srg.jar%23261!/:?] {re:mixin,pl:accesstransformer:B,pl:connector_pre_launch:A,re:classloading,pl:accesstransformer:B,pl:mixin:APP:fabric-resource-loader-v0.mixins.json:SimpleResourceReloadMixin from mod fabric_resource_loader_v0,pl:mixin:A,pl:connector_pre_launch:A}
	at TRANSFORMER/minecraft@1.21.1/net.minecraft.Util.blockUntilDone(Util.java:872) ~[server-1.21.1-20240808.144430-srg.jar%23261!/:?] {re:mixin,pl:connector_pre_launch:A,re:classloading,pl:mixin:APP:bettermineshafts.mixins.json:SuppressLogMixin from mod bettermineshafts,pl:mixin:A,pl:connector_pre_launch:A}
	at TRANSFORMER/minecraft@1.21.1/net.minecraft.Util.blockUntilDone(Util.java:861) ~[server-1.21.1-20240808.144430-srg.jar%23261!/:?] {re:mixin,pl:connector_pre_launch:A,re:classloading,pl:mixin:APP:bettermineshafts.mixins.json:SuppressLogMixin from mod bettermineshafts,pl:mixin:A,pl:connector_pre_launch:A}
	at TRANSFORMER/minecraft@1.21.1/net.minecraft.server.Main.main(Main.java:204) ~[server-1.21.1-20240808.144430-srg.jar%23261!/:?] {re:mixin,pl:accesstransformer:B,pl:connector_pre_launch:A,re:classloading,pl:accesstransformer:B,pl:mixin:A,pl:connector_pre_launch:A}
	at java.base/jdk.internal.reflect.DirectMethodHandleAccessor.invoke(DirectMethodHandleAccessor.java:103) ~[?:?] {}
	at java.base/java.lang.reflect.Method.invoke(Method.java:580) ~[?:?] {re:mixin}
	at MC-BOOTSTRAP/fml_loader@4.0.42/net.neoforged.fml.loading.targets.CommonLaunchHandler.runTarget(CommonLaunchHandler.java:136) ~[loader-4.0.42.jar%2391!/:4.0] {}
	at MC-BOOTSTRAP/fml_loader@4.0.42/net.neoforged.fml.loading.targets.CommonLaunchHandler.serverService(CommonLaunchHandler.java:128) ~[loader-4.0.42.jar%2391!/:4.0] {}
	at MC-BOOTSTRAP/fml_loader@4.0.42/net.neoforged.fml.loading.targets.CommonServerLaunchHandler.runService(CommonServerLaunchHandler.java:32) ~[loader-4.0.42.jar%2391!/:4.0] {}
	at MC-BOOTSTRAP/fml_loader@4.0.42/net.neoforged.fml.loading.targets.CommonLaunchHandler.lambda$launchService$4(CommonLaunchHandler.java:118) ~[loader-4.0.42.jar%2391!/:4.0] {}
	at MC-BOOTSTRAP/cpw.mods.modlauncher@11.0.5/cpw.mods.modlauncher.LaunchServiceHandlerDecorator.launch(LaunchServiceHandlerDecorator.java:30) [modlauncher-11.0.5.jar%2396!/:?] {}
	at MC-BOOTSTRAP/cpw.mods.modlauncher@11.0.5/cpw.mods.modlauncher.LaunchServiceHandler.launch(LaunchServiceHandler.java:53) [modlauncher-11.0.5.jar%2396!/:?] {}
	at MC-BOOTSTRAP/cpw.mods.modlauncher@11.0.5/cpw.mods.modlauncher.LaunchServiceHandler.launch(LaunchServiceHandler.java:71) [modlauncher-11.0.5.jar%2396!/:?] {}
	at MC-BOOTSTRAP/cpw.mods.modlauncher@11.0.5/cpw.mods.modlauncher.Launcher.run(Launcher.java:103) [modlauncher-11.0.5.jar%2396!/:?] {}
	at MC-BOOTSTRAP/cpw.mods.modlauncher@11.0.5/cpw.mods.modlauncher.Launcher.main(Launcher.java:74) [modlauncher-11.0.5.jar%2396!/:?] {}
	at MC-BOOTSTRAP/cpw.mods.modlauncher@11.0.5/cpw.mods.modlauncher.BootstrapLaunchConsumer.accept(BootstrapLaunchConsumer.java:26) [modlauncher-11.0.5.jar%2396!/:?] {}
	at MC-BOOTSTRAP/cpw.mods.modlauncher@11.0.5/cpw.mods.modlauncher.BootstrapLaunchConsumer.accept(BootstrapLaunchConsumer.java:23) [modlauncher-11.0.5.jar%2396!/:?] {}
	at MC-BOOTSTRAP/arclight.boot@1.21.1-1.0.2-SNAPSHOT-0769551/io.izzel.arclight.boot.neoforge.application.ApplicationBootstrap.accept(ApplicationBootstrap.java:47) [arclight-neoforge-1.21.1-1.0.2-SNAPSHOT-0769551.jar%2389!/:arclight-1.21.1-1.0.2-SNAPSHOT-0769551] {}
	at MC-BOOTSTRAP/arclight.boot@1.21.1-1.0.2-SNAPSHOT-0769551/io.izzel.arclight.boot.neoforge.application.ApplicationBootstrap.accept(ApplicationBootstrap.java:14) [arclight-neoforge-1.21.1-1.0.2-SNAPSHOT-0769551.jar%2389!/:arclight-1.21.1-1.0.2-SNAPSHOT-0769551] {}
	at cpw.mods.bootstraplauncher@2.0.2/cpw.mods.bootstraplauncher.BootstrapLauncher.run(BootstrapLauncher.java:210) [bootstraplauncher-2.0.2.jar:?] {}
	at cpw.mods.bootstraplauncher@2.0.2/cpw.mods.bootstraplauncher.BootstrapLauncher.main(BootstrapLauncher.java:69) [bootstraplauncher-2.0.2.jar:?] {}
	at java.base/jdk.internal.reflect.DirectMethodHandleAccessor.invoke(DirectMethodHandleAccessor.java:103) ~[?:?] {}
	at java.base/java.lang.reflect.Method.invoke(Method.java:580) ~[?:?] {re:mixin}
	at io.izzel.arclight.boot.neoforge.application.Main_Neoforge.main(Main_Neoforge.java:23) [arclight-neoforge-1.21.1-1.0.2-SNAPSHOT-0769551.jar:arclight-1.21.1-1.0.2-SNAPSHOT-0769551] {}
	at io.izzel.arclight.server.Launcher.main(Launcher.java:39) [arclight-neoforge-1.21.1-1.0.2-SNAPSHOT-0769551.jar:arclight-1.21.1-1.0.2-SNAPSHOT-0769551] {}
[04Jul2026 18:23:45.556] [main/ERROR] [net.minecraft.world.item.crafting.RecipeManager/]: Parsing error loading recipe silentgear:sapling/netherwood
com.google.gson.JsonParseException: Unknown registry key in ResourceKey[minecraft:root / minecraft:recipe_serializer]: bonsaitrees2:sapling
	at MC-BOOTSTRAP/datafixerupper@8.0.16/com.mojang.serialization.DataResult$Error.getOrThrow(DataResult.java:287) ~[datafixerupper-8.0.16.jar%23132!/:?] {re:mixin}
	at TRANSFORMER/minecraft@1.21.1/net.minecraft.world.item.crafting.RecipeManager.apply(RecipeManagerMixin_NeoForge.java:60) ~[server-1.21.1-20240808.144430-srg.jar%23261!/:?] {re:mixin,pl:accesstransformer:B,pl:connector_pre_launch:A,re:classloading,pl:accesstransformer:B,pl:mixin:A,pl:connector_pre_launch:A}
	at TRANSFORMER/minecraft@1.21.1/net.minecraft.world.item.crafting.RecipeManager.apply(RecipeManagerMixin_NeoForge.java:36) ~[server-1.21.1-20240808.144430-srg.jar%23261!/:?] {re:mixin,pl:accesstransformer:B,pl:connector_pre_launch:A,re:classloading,pl:accesstransformer:B,pl:mixin:A,pl:connector_pre_launch:A}
	at TRANSFORMER/minecraft@1.21.1/net.minecraft.server.packs.resources.SimplePreparableReloadListener.lambda$reload$1(SimplePreparableReloadListener.java:19) ~[server-1.21.1-20240808.144430-srg.jar%23261!/:?] {re:mixin,pl:connector_pre_launch:A,re:computing_frames,pl:connector_pre_launch:A,re:classloading,pl:mixin:APP:moonlight.mixins.json:ConditionHackMixin from mod moonlight,pl:mixin:APP:fabric-resource-conditions-api-v1.mixins.json:SinglePreparationResourceReloaderMixin from mod fabric_resource_conditions_api_v1,pl:mixin:A,pl:connector_pre_launch:A}
	at java.base/java.util.concurrent.CompletableFuture$UniAccept.tryFire(CompletableFuture.java:718) ~[?:?] {}
	at java.base/java.util.concurrent.CompletableFuture$Completion.run(CompletableFuture.java:482) ~[?:?] {}
	at TRANSFORMER/minecraft@1.21.1/net.minecraft.server.packs.resources.SimpleReloadInstance.lambda$new$3(SimpleReloadInstance.java:69) ~[server-1.21.1-20240808.144430-srg.jar%23261!/:?] {re:mixin,pl:accesstransformer:B,pl:connector_pre_launch:A,re:classloading,pl:accesstransformer:B,pl:mixin:APP:fabric-resource-loader-v0.mixins.json:SimpleResourceReloadMixin from mod fabric_resource_loader_v0,pl:mixin:A,pl:connector_pre_launch:A}
	at TRANSFORMER/minecraft@1.21.1/net.minecraft.Util.blockUntilDone(Util.java:872) ~[server-1.21.1-20240808.144430-srg.jar%23261!/:?] {re:mixin,pl:connector_pre_launch:A,re:classloading,pl:mixin:APP:bettermineshafts.mixins.json:SuppressLogMixin from mod bettermineshafts,pl:mixin:A,pl:connector_pre_launch:A}
	at TRANSFORMER/minecraft@1.21.1/net.minecraft.Util.blockUntilDone(Util.java:861) ~[server-1.21.1-20240808.144430-srg.jar%23261!/:?] {re:mixin,pl:connector_pre_launch:A,re:classloading,pl:mixin:APP:bettermineshafts.mixins.json:SuppressLogMixin from mod bettermineshafts,pl:mixin:A,pl:connector_pre_launch:A}
	at TRANSFORMER/minecraft@1.21.1/net.minecraft.server.Main.main(Main.java:204) ~[server-1.21.1-20240808.144430-srg.jar%23261!/:?] {re:mixin,pl:accesstransformer:B,pl:connector_pre_launch:A,re:classloading,pl:accesstransformer:B,pl:mixin:A,pl:connector_pre_launch:A}
	at java.base/jdk.internal.reflect.DirectMethodHandleAccessor.invoke(DirectMethodHandleAccessor.java:103) ~[?:?] {}
	at java.base/java.lang.reflect.Method.invoke(Method.java:580) ~[?:?] {re:mixin}
	at MC-BOOTSTRAP/fml_loader@4.0.42/net.neoforged.fml.loading.targets.CommonLaunchHandler.runTarget(CommonLaunchHandler.java:136) ~[loader-4.0.42.jar%2391!/:4.0] {}
	at MC-BOOTSTRAP/fml_loader@4.0.42/net.neoforged.fml.loading.targets.CommonLaunchHandler.serverService(CommonLaunchHandler.java:128) ~[loader-4.0.42.jar%2391!/:4.0] {}
	at MC-BOOTSTRAP/fml_loader@4.0.42/net.neoforged.fml.loading.targets.CommonServerLaunchHandler.runService(CommonServerLaunchHandler.java:32) ~[loader-4.0.42.jar%2391!/:4.0] {}
	at MC-BOOTSTRAP/fml_loader@4.0.42/net.neoforged.fml.loading.targets.CommonLaunchHandler.lambda$launchService$4(CommonLaunchHandler.java:118) ~[loader-4.0.42.jar%2391!/:4.0] {}
	at MC-BOOTSTRAP/cpw.mods.modlauncher@11.0.5/cpw.mods.modlauncher.LaunchServiceHandlerDecorator.launch(LaunchServiceHandlerDecorator.java:30) [modlauncher-11.0.5.jar%2396!/:?] {}
	at MC-BOOTSTRAP/cpw.mods.modlauncher@11.0.5/cpw.mods.modlauncher.LaunchServiceHandler.launch(LaunchServiceHandler.java:53) [modlauncher-11.0.5.jar%2396!/:?] {}
	at MC-BOOTSTRAP/cpw.mods.modlauncher@11.0.5/cpw.mods.modlauncher.LaunchServiceHandler.launch(LaunchServiceHandler.java:71) [modlauncher-11.0.5.jar%2396!/:?] {}
	at MC-BOOTSTRAP/cpw.mods.modlauncher@11.0.5/cpw.mods.modlauncher.Launcher.run(Launcher.java:103) [modlauncher-11.0.5.jar%2396!/:?] {}
	at MC-BOOTSTRAP/cpw.mods.modlauncher@11.0.5/cpw.mods.modlauncher.Launcher.main(Launcher.java:74) [modlauncher-11.0.5.jar%2396!/:?] {}
	at MC-BOOTSTRAP/cpw.mods.modlauncher@11.0.5/cpw.mods.modlauncher.BootstrapLaunchConsumer.accept(BootstrapLaunchConsumer.java:26) [modlauncher-11.0.5.jar%2396!/:?] {}
	at MC-BOOTSTRAP/cpw.mods.modlauncher@11.0.5/cpw.mods.modlauncher.BootstrapLaunchConsumer.accept(BootstrapLaunchConsumer.java:23) [modlauncher-11.0.5.jar%2396!/:?] {}
	at MC-BOOTSTRAP/arclight.boot@1.21.1-1.0.2-SNAPSHOT-0769551/io.izzel.arclight.boot.neoforge.application.ApplicationBootstrap.accept(ApplicationBootstrap.java:47) [arclight-neoforge-1.21.1-1.0.2-SNAPSHOT-0769551.jar%2389!/:arclight-1.21.1-1.0.2-SNAPSHOT-0769551] {}
	at MC-BOOTSTRAP/arclight.boot@1.21.1-1.0.2-SNAPSHOT-0769551/io.izzel.arclight.boot.neoforge.application.ApplicationBootstrap.accept(ApplicationBootstrap.java:14) [arclight-neoforge-1.21.1-1.0.2-SNAPSHOT-0769551.jar%2389!/:arclight-1.21.1-1.0.2-SNAPSHOT-0769551] {}
	at cpw.mods.bootstraplauncher@2.0.2/cpw.mods.bootstraplauncher.BootstrapLauncher.run(BootstrapLauncher.java:210) [bootstraplauncher-2.0.2.jar:?] {}
	at cpw.mods.bootstraplauncher@2.0.2/cpw.mods.bootstraplauncher.BootstrapLauncher.main(BootstrapLauncher.java:69) [bootstraplauncher-2.0.2.jar:?] {}
	at java.base/jdk.internal.reflect.DirectMethodHandleAccessor.invoke(DirectMethodHandleAccessor.java:103) ~[?:?] {}
	at java.base/java.lang.reflect.Method.invoke(Method.java:580) ~[?:?] {re:mixin}
	at io.izzel.arclight.boot.neoforge.application.Main_Neoforge.main(Main_Neoforge.java:23) [arclight-neoforge-1.21.1-1.0.2-SNAPSHOT-0769551.jar:arclight-1.21.1-1.0.2-SNAPSHOT-0769551] {}
	at io.izzel.arclight.server.Launcher.main(Launcher.java:39) [arclight-neoforge-1.21.1-1.0.2-SNAPSHOT-0769551.jar:arclight-1.21.1-1.0.2-SNAPSHOT-0769551] {}
[04Jul2026 18:23:45.568] [main/ERROR] [net.minecraft.world.item.crafting.RecipeManager/]: Parsing error loading recipe silentgear:woodcutting/netherwood_fence_gate
com.google.gson.JsonParseException: Unknown registry key in ResourceKey[minecraft:root / minecraft:recipe_serializer]: woodcutter:woodcutting
	at MC-BOOTSTRAP/datafixerupper@8.0.16/com.mojang.serialization.DataResult$Error.getOrThrow(DataResult.java:287) ~[datafixerupper-8.0.16.jar%23132!/:?] {re:mixin}
	at TRANSFORMER/minecraft@1.21.1/net.minecraft.world.item.crafting.RecipeManager.apply(RecipeManagerMixin_NeoForge.java:60) ~[server-1.21.1-20240808.144430-srg.jar%23261!/:?] {re:mixin,pl:accesstransformer:B,pl:connector_pre_launch:A,re:classloading,pl:accesstransformer:B,pl:mixin:A,pl:connector_pre_launch:A}
	at TRANSFORMER/minecraft@1.21.1/net.minecraft.world.item.crafting.RecipeManager.apply(RecipeManagerMixin_NeoForge.java:36) ~[server-1.21.1-20240808.144430-srg.jar%23261!/:?] {re:mixin,pl:accesstransformer:B,pl:connector_pre_launch:A,re:classloading,pl:accesstransformer:B,pl:mixin:A,pl:connector_pre_launch:A}
	at TRANSFORMER/minecraft@1.21.1/net.minecraft.server.packs.resources.SimplePreparableReloadListener.lambda$reload$1(SimplePreparableReloadListener.java:19) ~[server-1.21.1-20240808.144430-srg.jar%23261!/:?] {re:mixin,pl:connector_pre_launch:A,re:computing_frames,pl:connector_pre_launch:A,re:classloading,pl:mixin:APP:moonlight.mixins.json:ConditionHackMixin from mod moonlight,pl:mixin:APP:fabric-resource-conditions-api-v1.mixins.json:SinglePreparationResourceReloaderMixin from mod fabric_resource_conditions_api_v1,pl:mixin:A,pl:connector_pre_launch:A}
	at java.base/java.util.concurrent.CompletableFuture$UniAccept.tryFire(CompletableFuture.java:718) ~[?:?] {}
	at java.base/java.util.concurrent.CompletableFuture$Completion.run(CompletableFuture.java:482) ~[?:?] {}
	at TRANSFORMER/minecraft@1.21.1/net.minecraft.server.packs.resources.SimpleReloadInstance.lambda$new$3(SimpleReloadInstance.java:69) ~[server-1.21.1-20240808.144430-srg.jar%23261!/:?] {re:mixin,pl:accesstransformer:B,pl:connector_pre_launch:A,re:classloading,pl:accesstransformer:B,pl:mixin:APP:fabric-resource-loader-v0.mixins.json:SimpleResourceReloadMixin from mod fabric_resource_loader_v0,pl:mixin:A,pl:connector_pre_launch:A}
	at TRANSFORMER/minecraft@1.21.1/net.minecraft.Util.blockUntilDone(Util.java:872) ~[server-1.21.1-20240808.144430-srg.jar%23261!/:?] {re:mixin,pl:connector_pre_launch:A,re:classloading,pl:mixin:APP:bettermineshafts.mixins.json:SuppressLogMixin from mod bettermineshafts,pl:mixin:A,pl:connector_pre_launch:A}
	at TRANSFORMER/minecraft@1.21.1/net.minecraft.Util.blockUntilDone(Util.java:861) ~[server-1.21.1-20240808.144430-srg.jar%23261!/:?] {re:mixin,pl:connector_pre_launch:A,re:classloading,pl:mixin:APP:bettermineshafts.mixins.json:SuppressLogMixin from mod bettermineshafts,pl:mixin:A,pl:connector_pre_launch:A}
	at TRANSFORMER/minecraft@1.21.1/net.minecraft.server.Main.main(Main.java:204) ~[server-1.21.1-20240808.144430-srg.jar%23261!/:?] {re:mixin,pl:accesstransformer:B,pl:connector_pre_launch:A,re:classloading,pl:accesstransformer:B,pl:mixin:A,pl:connector_pre_launch:A}
	at java.base/jdk.internal.reflect.DirectMethodHandleAccessor.invoke(DirectMethodHandleAccessor.java:103) ~[?:?] {}
	at java.base/java.lang.reflect.Method.invoke(Method.java:580) ~[?:?] {re:mixin}
	at MC-BOOTSTRAP/fml_loader@4.0.42/net.neoforged.fml.loading.targets.CommonLaunchHandler.runTarget(CommonLaunchHandler.java:136) ~[loader-4.0.42.jar%2391!/:4.0] {}
	at MC-BOOTSTRAP/fml_loader@4.0.42/net.neoforged.fml.loading.targets.CommonLaunchHandler.serverService(CommonLaunchHandler.java:128) ~[loader-4.0.42.jar%2391!/:4.0] {}
	at MC-BOOTSTRAP/fml_loader@4.0.42/net.neoforged.fml.loading.targets.CommonServerLaunchHandler.runService(CommonServerLaunchHandler.java:32) ~[loader-4.0.42.jar%2391!/:4.0] {}
	at MC-BOOTSTRAP/fml_loader@4.0.42/net.neoforged.fml.loading.targets.CommonLaunchHandler.lambda$launchService$4(CommonLaunchHandler.java:118) ~[loader-4.0.42.jar%2391!/:4.0] {}
	at MC-BOOTSTRAP/cpw.mods.modlauncher@11.0.5/cpw.mods.modlauncher.LaunchServiceHandlerDecorator.launch(LaunchServiceHandlerDecorator.java:30) [modlauncher-11.0.5.jar%2396!/:?] {}
	at MC-BOOTSTRAP/cpw.mods.modlauncher@11.0.5/cpw.mods.modlauncher.LaunchServiceHandler.launch(LaunchServiceHandler.java:53) [modlauncher-11.0.5.jar%2396!/:?] {}
	at MC-BOOTSTRAP/cpw.mods.modlauncher@11.0.5/cpw.mods.modlauncher.LaunchServiceHandler.launch(LaunchServiceHandler.java:71) [modlauncher-11.0.5.jar%2396!/:?] {}
	at MC-BOOTSTRAP/cpw.mods.modlauncher@11.0.5/cpw.mods.modlauncher.Launcher.run(Launcher.java:103) [modlauncher-11.0.5.jar%2396!/:?] {}
	at MC-BOOTSTRAP/cpw.mods.modlauncher@11.0.5/cpw.mods.modlauncher.Launcher.main(Launcher.java:74) [modlauncher-11.0.5.jar%2396!/:?] {}
	at MC-BOOTSTRAP/cpw.mods.modlauncher@11.0.5/cpw.mods.modlauncher.BootstrapLaunchConsumer.accept(BootstrapLaunchConsumer.java:26) [modlauncher-11.0.5.jar%2396!/:?] {}
	at MC-BOOTSTRAP/cpw.mods.modlauncher@11.0.5/cpw.mods.modlauncher.BootstrapLaunchConsumer.accept(BootstrapLaunchConsumer.java:23) [modlauncher-11.0.5.jar%2396!/:?] {}
	at MC-BOOTSTRAP/arclight.boot@1.21.1-1.0.2-SNAPSHOT-0769551/io.izzel.arclight.boot.neoforge.application.ApplicationBootstrap.accept(ApplicationBootstrap.java:47) [arclight-neoforge-1.21.1-1.0.2-SNAPSHOT-0769551.jar%2389!/:arclight-1.21.1-1.0.2-SNAPSHOT-0769551] {}
	at MC-BOOTSTRAP/arclight.boot@1.21.1-1.0.2-SNAPSHOT-0769551/io.izzel.arclight.boot.neoforge.application.ApplicationBootstrap.accept(ApplicationBootstrap.java:14) [arclight-neoforge-1.21.1-1.0.2-SNAPSHOT-0769551.jar%2389!/:arclight-1.21.1-1.0.2-SNAPSHOT-0769551] {}
	at cpw.mods.bootstraplauncher@2.0.2/cpw.mods.bootstraplauncher.BootstrapLauncher.run(BootstrapLauncher.java:210) [bootstraplauncher-2.0.2.jar:?] {}
	at cpw.mods.bootstraplauncher@2.0.2/cpw.mods.bootstraplauncher.BootstrapLauncher.main(BootstrapLauncher.java:69) [bootstraplauncher-2.0.2.jar:?] {}
	at java.base/jdk.internal.reflect.DirectMethodHandleAccessor.invoke(DirectMethodHandleAccessor.java:103) ~[?:?] {}
	at java.base/java.lang.reflect.Method.invoke(Method.java:580) ~[?:?] {re:mixin}
	at io.izzel.arclight.boot.neoforge.application.Main_Neoforge.main(Main_Neoforge.java:23) [arclight-neoforge-1.21.1-1.0.2-SNAPSHOT-0769551.jar:arclight-1.21.1-1.0.2-SNAPSHOT-0769551] {}
	at io.izzel.arclight.server.Launcher.main(Launcher.java:39) [arclight-neoforge-1.21.1-1.0.2-SNAPSHOT-0769551.jar:arclight-1.21.1-1.0.2-SNAPSHOT-0769551] {}
[04Jul2026 18:23:45.586] [main/ERROR] [net.minecraft.world.item.crafting.RecipeManager/]: Parsing error loading recipe silentgear:woodcutting/netherwood_fence
com.google.gson.JsonParseException: Unknown registry key in ResourceKey[minecraft:root / minecraft:recipe_serializer]: woodcutter:woodcutting
	at MC-BOOTSTRAP/datafixerupper@8.0.16/com.mojang.serialization.DataResult$Error.getOrThrow(DataResult.java:287) ~[datafixerupper-8.0.16.jar%23132!/:?] {re:mixin}
	at TRANSFORMER/minecraft@1.21.1/net.minecraft.world.item.crafting.RecipeManager.apply(RecipeManagerMixin_NeoForge.java:60) ~[server-1.21.1-20240808.144430-srg.jar%23261!/:?] {re:mixin,pl:accesstransformer:B,pl:connector_pre_launch:A,re:classloading,pl:accesstransformer:B,pl:mixin:A,pl:connector_pre_launch:A}
	at TRANSFORMER/minecraft@1.21.1/net.minecraft.world.item.crafting.RecipeManager.apply(RecipeManagerMixin_NeoForge.java:36) ~[server-1.21.1-20240808.144430-srg.jar%23261!/:?] {re:mixin,pl:accesstransformer:B,pl:connector_pre_launch:A,re:classloading,pl:accesstransformer:B,pl:mixin:A,pl:connector_pre_launch:A}
	at TRANSFORMER/minecraft@1.21.1/net.minecraft.server.packs.resources.SimplePreparableReloadListener.lambda$reload$1(SimplePreparableReloadListener.java:19) ~[server-1.21.1-20240808.144430-srg.jar%23261!/:?] {re:mixin,pl:connector_pre_launch:A,re:computing_frames,pl:connector_pre_launch:A,re:classloading,pl:mixin:APP:moonlight.mixins.json:ConditionHackMixin from mod moonlight,pl:mixin:APP:fabric-resource-conditions-api-v1.mixins.json:SinglePreparationResourceReloaderMixin from mod fabric_resource_conditions_api_v1,pl:mixin:A,pl:connector_pre_launch:A}
	at java.base/java.util.concurrent.CompletableFuture$UniAccept.tryFire(CompletableFuture.java:718) ~[?:?] {}
	at java.base/java.util.concurrent.CompletableFuture$Completion.run(CompletableFuture.java:482) ~[?:?] {}
	at TRANSFORMER/minecraft@1.21.1/net.minecraft.server.packs.resources.SimpleReloadInstance.lambda$new$3(SimpleReloadInstance.java:69) ~[server-1.21.1-20240808.144430-srg.jar%23261!/:?] {re:mixin,pl:accesstransformer:B,pl:connector_pre_launch:A,re:classloading,pl:accesstransformer:B,pl:mixin:APP:fabric-resource-loader-v0.mixins.json:SimpleResourceReloadMixin from mod fabric_resource_loader_v0,pl:mixin:A,pl:connector_pre_launch:A}
	at TRANSFORMER/minecraft@1.21.1/net.minecraft.Util.blockUntilDone(Util.java:872) ~[server-1.21.1-20240808.144430-srg.jar%23261!/:?] {re:mixin,pl:connector_pre_launch:A,re:classloading,pl:mixin:APP:bettermineshafts.mixins.json:SuppressLogMixin from mod bettermineshafts,pl:mixin:A,pl:connector_pre_launch:A}
	at TRANSFORMER/minecraft@1.21.1/net.minecraft.Util.blockUntilDone(Util.java:861) ~[server-1.21.1-20240808.144430-srg.jar%23261!/:?] {re:mixin,pl:connector_pre_launch:A,re:classloading,pl:mixin:APP:bettermineshafts.mixins.json:SuppressLogMixin from mod bettermineshafts,pl:mixin:A,pl:connector_pre_launch:A}
	at TRANSFORMER/minecraft@1.21.1/net.minecraft.server.Main.main(Main.java:204) ~[server-1.21.1-20240808.144430-srg.jar%23261!/:?] {re:mixin,pl:accesstransformer:B,pl:connector_pre_launch:A,re:classloading,pl:accesstransformer:B,pl:mixin:A,pl:connector_pre_launch:A}
	at java.base/jdk.internal.reflect.DirectMethodHandleAccessor.invoke(DirectMethodHandleAccessor.java:103) ~[?:?] {}
	at java.base/java.lang.reflect.Method.invoke(Method.java:580) ~[?:?] {re:mixin}
	at MC-BOOTSTRAP/fml_loader@4.0.42/net.neoforged.fml.loading.targets.CommonLaunchHandler.runTarget(CommonLaunchHandler.java:136) ~[loader-4.0.42.jar%2391!/:4.0] {}
	at MC-BOOTSTRAP/fml_loader@4.0.42/net.neoforged.fml.loading.targets.CommonLaunchHandler.serverService(CommonLaunchHandler.java:128) ~[loader-4.0.42.jar%2391!/:4.0] {}
	at MC-BOOTSTRAP/fml_loader@4.0.42/net.neoforged.fml.loading.targets.CommonServerLaunchHandler.runService(CommonServerLaunchHandler.java:32) ~[loader-4.0.42.jar%2391!/:4.0] {}
	at MC-BOOTSTRAP/fml_loader@4.0.42/net.neoforged.fml.loading.targets.CommonLaunchHandler.lambda$launchService$4(CommonLaunchHandler.java:118) ~[loader-4.0.42.jar%2391!/:4.0] {}
	at MC-BOOTSTRAP/cpw.mods.modlauncher@11.0.5/cpw.mods.modlauncher.LaunchServiceHandlerDecorator.launch(LaunchServiceHandlerDecorator.java:30) [modlauncher-11.0.5.jar%2396!/:?] {}
	at MC-BOOTSTRAP/cpw.mods.modlauncher@11.0.5/cpw.mods.modlauncher.LaunchServiceHandler.launch(LaunchServiceHandler.java:53) [modlauncher-11.0.5.jar%2396!/:?] {}
	at MC-BOOTSTRAP/cpw.mods.modlauncher@11.0.5/cpw.mods.modlauncher.LaunchServiceHandler.launch(LaunchServiceHandler.java:71) [modlauncher-11.0.5.jar%2396!/:?] {}
	at MC-BOOTSTRAP/cpw.mods.modlauncher@11.0.5/cpw.mods.modlauncher.Launcher.run(Launcher.java:103) [modlauncher-11.0.5.jar%2396!/:?] {}
	at MC-BOOTSTRAP/cpw.mods.modlauncher@11.0.5/cpw.mods.modlauncher.Launcher.main(Launcher.java:74) [modlauncher-11.0.5.jar%2396!/:?] {}
	at MC-BOOTSTRAP/cpw.mods.modlauncher@11.0.5/cpw.mods.modlauncher.BootstrapLaunchConsumer.accept(BootstrapLaunchConsumer.java:26) [modlauncher-11.0.5.jar%2396!/:?] {}
	at MC-BOOTSTRAP/cpw.mods.modlauncher@11.0.5/cpw.mods.modlauncher.BootstrapLaunchConsumer.accept(BootstrapLaunchConsumer.java:23) [modlauncher-11.0.5.jar%2396!/:?] {}
	at MC-BOOTSTRAP/arclight.boot@1.21.1-1.0.2-SNAPSHOT-0769551/io.izzel.arclight.boot.neoforge.application.ApplicationBootstrap.accept(ApplicationBootstrap.java:47) [arclight-neoforge-1.21.1-1.0.2-SNAPSHOT-0769551.jar%2389!/:arclight-1.21.1-1.0.2-SNAPSHOT-0769551] {}
	at MC-BOOTSTRAP/arclight.boot@1.21.1-1.0.2-SNAPSHOT-0769551/io.izzel.arclight.boot.neoforge.application.ApplicationBootstrap.accept(ApplicationBootstrap.java:14) [arclight-neoforge-1.21.1-1.0.2-SNAPSHOT-0769551.jar%2389!/:arclight-1.21.1-1.0.2-SNAPSHOT-0769551] {}
	at cpw.mods.bootstraplauncher@2.0.2/cpw.mods.bootstraplauncher.BootstrapLauncher.run(BootstrapLauncher.java:210) [bootstraplauncher-2.0.2.jar:?] {}
	at cpw.mods.bootstraplauncher@2.0.2/cpw.mods.bootstraplauncher.BootstrapLauncher.main(BootstrapLauncher.java:69) [bootstraplauncher-2.0.2.jar:?] {}
	at java.base/jdk.internal.reflect.DirectMethodHandleAccessor.invoke(DirectMethodHandleAccessor.java:103) ~[?:?] {}
	at java.base/java.lang.reflect.Method.invoke(Method.java:580) ~[?:?] {re:mixin}
	at io.izzel.arclight.boot.neoforge.application.Main_Neoforge.main(Main_Neoforge.java:23) [arclight-neoforge-1.21.1-1.0.2-SNAPSHOT-0769551.jar:arclight-1.21.1-1.0.2-SNAPSHOT-0769551] {}
	at io.izzel.arclight.server.Launcher.main(Launcher.java:39) [arclight-neoforge-1.21.1-1.0.2-SNAPSHOT-0769551.jar:arclight-1.21.1-1.0.2-SNAPSHOT-0769551] {}
[04Jul2026 18:23:45.591] [main/ERROR] [net.minecraft.world.item.crafting.RecipeManager/]: Parsing error loading recipe silentgear:woodcutting/netherwood_slab
com.google.gson.JsonParseException: Unknown registry key in ResourceKey[minecraft:root / minecraft:recipe_serializer]: woodcutter:woodcutting
	at MC-BOOTSTRAP/datafixerupper@8.0.16/com.mojang.serialization.DataResult$Error.getOrThrow(DataResult.java:287) ~[datafixerupper-8.0.16.jar%23132!/:?] {re:mixin}
	at TRANSFORMER/minecraft@1.21.1/net.minecraft.world.item.crafting.RecipeManager.apply(RecipeManagerMixin_NeoForge.java:60) ~[server-1.21.1-20240808.144430-srg.jar%23261!/:?] {re:mixin,pl:accesstransformer:B,pl:connector_pre_launch:A,re:classloading,pl:accesstransformer:B,pl:mixin:A,pl:connector_pre_launch:A}
	at TRANSFORMER/minecraft@1.21.1/net.minecraft.world.item.crafting.RecipeManager.apply(RecipeManagerMixin_NeoForge.java:36) ~[server-1.21.1-20240808.144430-srg.jar%23261!/:?] {re:mixin,pl:accesstransformer:B,pl:connector_pre_launch:A,re:classloading,pl:accesstransformer:B,pl:mixin:A,pl:connector_pre_launch:A}
	at TRANSFORMER/minecraft@1.21.1/net.minecraft.server.packs.resources.SimplePreparableReloadListener.lambda$reload$1(SimplePreparableReloadListener.java:19) ~[server-1.21.1-20240808.144430-srg.jar%23261!/:?] {re:mixin,pl:connector_pre_launch:A,re:computing_frames,pl:connector_pre_launch:A,re:classloading,pl:mixin:APP:moonlight.mixins.json:ConditionHackMixin from mod moonlight,pl:mixin:APP:fabric-resource-conditions-api-v1.mixins.json:SinglePreparationResourceReloaderMixin from mod fabric_resource_conditions_api_v1,pl:mixin:A,pl:connector_pre_launch:A}
	at java.base/java.util.concurrent.CompletableFuture$UniAccept.tryFire(CompletableFuture.java:718) ~[?:?] {}
	at java.base/java.util.concurrent.CompletableFuture$Completion.run(CompletableFuture.java:482) ~[?:?] {}
	at TRANSFORMER/minecraft@1.21.1/net.minecraft.server.packs.resources.SimpleReloadInstance.lambda$new$3(SimpleReloadInstance.java:69) ~[server-1.21.1-20240808.144430-srg.jar%23261!/:?] {re:mixin,pl:accesstransformer:B,pl:connector_pre_launch:A,re:classloading,pl:accesstransformer:B,pl:mixin:APP:fabric-resource-loader-v0.mixins.json:SimpleResourceReloadMixin from mod fabric_resource_loader_v0,pl:mixin:A,pl:connector_pre_launch:A}
	at TRANSFORMER/minecraft@1.21.1/net.minecraft.Util.blockUntilDone(Util.java:872) ~[server-1.21.1-20240808.144430-srg.jar%23261!/:?] {re:mixin,pl:connector_pre_launch:A,re:classloading,pl:mixin:APP:bettermineshafts.mixins.json:SuppressLogMixin from mod bettermineshafts,pl:mixin:A,pl:connector_pre_launch:A}
	at TRANSFORMER/minecraft@1.21.1/net.minecraft.Util.blockUntilDone(Util.java:861) ~[server-1.21.1-20240808.144430-srg.jar%23261!/:?] {re:mixin,pl:connector_pre_launch:A,re:classloading,pl:mixin:APP:bettermineshafts.mixins.json:SuppressLogMixin from mod bettermineshafts,pl:mixin:A,pl:connector_pre_launch:A}
	at TRANSFORMER/minecraft@1.21.1/net.minecraft.server.Main.main(Main.java:204) ~[server-1.21.1-20240808.144430-srg.jar%23261!/:?] {re:mixin,pl:accesstransformer:B,pl:connector_pre_launch:A,re:classloading,pl:accesstransformer:B,pl:mixin:A,pl:connector_pre_launch:A}
	at java.base/jdk.internal.reflect.DirectMethodHandleAccessor.invoke(DirectMethodHandleAccessor.java:103) ~[?:?] {}
	at java.base/java.lang.reflect.Method.invoke(Method.java:580) ~[?:?] {re:mixin}
	at MC-BOOTSTRAP/fml_loader@4.0.42/net.neoforged.fml.loading.targets.CommonLaunchHandler.runTarget(CommonLaunchHandler.java:136) ~[loader-4.0.42.jar%2391!/:4.0] {}
	at MC-BOOTSTRAP/fml_loader@4.0.42/net.neoforged.fml.loading.targets.CommonLaunchHandler.serverService(CommonLaunchHandler.java:128) ~[loader-4.0.42.jar%2391!/:4.0] {}
	at MC-BOOTSTRAP/fml_loader@4.0.42/net.neoforged.fml.loading.targets.CommonServerLaunchHandler.runService(CommonServerLaunchHandler.java:32) ~[loader-4.0.42.jar%2391!/:4.0] {}
	at MC-BOOTSTRAP/fml_loader@4.0.42/net.neoforged.fml.loading.targets.CommonLaunchHandler.lambda$launchService$4(CommonLaunchHandler.java:118) ~[loader-4.0.42.jar%2391!/:4.0] {}
	at MC-BOOTSTRAP/cpw.mods.modlauncher@11.0.5/cpw.mods.modlauncher.LaunchServiceHandlerDecorator.launch(LaunchServiceHandlerDecorator.java:30) [modlauncher-11.0.5.jar%2396!/:?] {}
	at MC-BOOTSTRAP/cpw.mods.modlauncher@11.0.5/cpw.mods.modlauncher.LaunchServiceHandler.launch(LaunchServiceHandler.java:53) [modlauncher-11.0.5.jar%2396!/:?] {}
	at MC-BOOTSTRAP/cpw.mods.modlauncher@11.0.5/cpw.mods.modlauncher.LaunchServiceHandler.launch(LaunchServiceHandler.java:71) [modlauncher-11.0.5.jar%2396!/:?] {}
	at MC-BOOTSTRAP/cpw.mods.modlauncher@11.0.5/cpw.mods.modlauncher.Launcher.run(Launcher.java:103) [modlauncher-11.0.5.jar%2396!/:?] {}
	at MC-BOOTSTRAP/cpw.mods.modlauncher@11.0.5/cpw.mods.modlauncher.Launcher.main(Launcher.java:74) [modlauncher-11.0.5.jar%2396!/:?] {}
	at MC-BOOTSTRAP/cpw.mods.modlauncher@11.0.5/cpw.mods.modlauncher.BootstrapLaunchConsumer.accept(BootstrapLaunchConsumer.java:26) [modlauncher-11.0.5.jar%2396!/:?] {}
	at MC-BOOTSTRAP/cpw.mods.modlauncher@11.0.5/cpw.mods.modlauncher.BootstrapLaunchConsumer.accept(BootstrapLaunchConsumer.java:23) [modlauncher-11.0.5.jar%2396!/:?] {}
	at MC-BOOTSTRAP/arclight.boot@1.21.1-1.0.2-SNAPSHOT-0769551/io.izzel.arclight.boot.neoforge.application.ApplicationBootstrap.accept(ApplicationBootstrap.java:47) [arclight-neoforge-1.21.1-1.0.2-SNAPSHOT-0769551.jar%2389!/:arclight-1.21.1-1.0.2-SNAPSHOT-0769551] {}
	at MC-BOOTSTRAP/arclight.boot@1.21.1-1.0.2-SNAPSHOT-0769551/io.izzel.arclight.boot.neoforge.application.ApplicationBootstrap.accept(ApplicationBootstrap.java:14) [arclight-neoforge-1.21.1-1.0.2-SNAPSHOT-0769551.jar%2389!/:arclight-1.21.1-1.0.2-SNAPSHOT-0769551] {}
	at cpw.mods.bootstraplauncher@2.0.2/cpw.mods.bootstraplauncher.BootstrapLauncher.run(BootstrapLauncher.java:210) [bootstraplauncher-2.0.2.jar:?] {}
	at cpw.mods.bootstraplauncher@2.0.2/cpw.mods.bootstraplauncher.BootstrapLauncher.main(BootstrapLauncher.java:69) [bootstraplauncher-2.0.2.jar:?] {}
	at java.base/jdk.internal.reflect.DirectMethodHandleAccessor.invoke(DirectMethodHandleAccessor.java:103) ~[?:?] {}
	at java.base/java.lang.reflect.Method.invoke(Method.java:580) ~[?:?] {re:mixin}
	at io.izzel.arclight.boot.neoforge.application.Main_Neoforge.main(Main_Neoforge.java:23) [arclight-neoforge-1.21.1-1.0.2-SNAPSHOT-0769551.jar:arclight-1.21.1-1.0.2-SNAPSHOT-0769551] {}
	at io.izzel.arclight.server.Launcher.main(Launcher.java:39) [arclight-neoforge-1.21.1-1.0.2-SNAPSHOT-0769551.jar:arclight-1.21.1-1.0.2-SNAPSHOT-0769551] {}
[04Jul2026 18:23:45.593] [main/ERROR] [net.minecraft.world.item.crafting.RecipeManager/]: Parsing error loading recipe silentgear:woodcutting/stripped_netherwood_log
com.google.gson.JsonParseException: Unknown registry key in ResourceKey[minecraft:root / minecraft:recipe_serializer]: woodcutter:woodcutting
	at MC-BOOTSTRAP/datafixerupper@8.0.16/com.mojang.serialization.DataResult$Error.getOrThrow(DataResult.java:287) ~[datafixerupper-8.0.16.jar%23132!/:?] {re:mixin}
	at TRANSFORMER/minecraft@1.21.1/net.minecraft.world.item.crafting.RecipeManager.apply(RecipeManagerMixin_NeoForge.java:60) ~[server-1.21.1-20240808.144430-srg.jar%23261!/:?] {re:mixin,pl:accesstransformer:B,pl:connector_pre_launch:A,re:classloading,pl:accesstransformer:B,pl:mixin:A,pl:connector_pre_launch:A}
	at TRANSFORMER/minecraft@1.21.1/net.minecraft.world.item.crafting.RecipeManager.apply(RecipeManagerMixin_NeoForge.java:36) ~[server-1.21.1-20240808.144430-srg.jar%23261!/:?] {re:mixin,pl:accesstransformer:B,pl:connector_pre_launch:A,re:classloading,pl:accesstransformer:B,pl:mixin:A,pl:connector_pre_launch:A}
	at TRANSFORMER/minecraft@1.21.1/net.minecraft.server.packs.resources.SimplePreparableReloadListener.lambda$reload$1(SimplePreparableReloadListener.java:19) ~[server-1.21.1-20240808.144430-srg.jar%23261!/:?] {re:mixin,pl:connector_pre_launch:A,re:computing_frames,pl:connector_pre_launch:A,re:classloading,pl:mixin:APP:moonlight.mixins.json:ConditionHackMixin from mod moonlight,pl:mixin:APP:fabric-resource-conditions-api-v1.mixins.json:SinglePreparationResourceReloaderMixin from mod fabric_resource_conditions_api_v1,pl:mixin:A,pl:connector_pre_launch:A}
	at java.base/java.util.concurrent.CompletableFuture$UniAccept.tryFire(CompletableFuture.java:718) ~[?:?] {}
	at java.base/java.util.concurrent.CompletableFuture$Completion.run(CompletableFuture.java:482) ~[?:?] {}
	at TRANSFORMER/minecraft@1.21.1/net.minecraft.server.packs.resources.SimpleReloadInstance.lambda$new$3(SimpleReloadInstance.java:69) ~[server-1.21.1-20240808.144430-srg.jar%23261!/:?] {re:mixin,pl:accesstransformer:B,pl:connector_pre_launch:A,re:classloading,pl:accesstransformer:B,pl:mixin:APP:fabric-resource-loader-v0.mixins.json:SimpleResourceReloadMixin from mod fabric_resource_loader_v0,pl:mixin:A,pl:connector_pre_launch:A}
	at TRANSFORMER/minecraft@1.21.1/net.minecraft.Util.blockUntilDone(Util.java:872) ~[server-1.21.1-20240808.144430-srg.jar%23261!/:?] {re:mixin,pl:connector_pre_launch:A,re:classloading,pl:mixin:APP:bettermineshafts.mixins.json:SuppressLogMixin from mod bettermineshafts,pl:mixin:A,pl:connector_pre_launch:A}
	at TRANSFORMER/minecraft@1.21.1/net.minecraft.Util.blockUntilDone(Util.java:861) ~[server-1.21.1-20240808.144430-srg.jar%23261!/:?] {re:mixin,pl:connector_pre_launch:A,re:classloading,pl:mixin:APP:bettermineshafts.mixins.json:SuppressLogMixin from mod bettermineshafts,pl:mixin:A,pl:connector_pre_launch:A}
	at TRANSFORMER/minecraft@1.21.1/net.minecraft.server.Main.main(Main.java:204) ~[server-1.21.1-20240808.144430-srg.jar%23261!/:?] {re:mixin,pl:accesstransformer:B,pl:connector_pre_launch:A,re:classloading,pl:accesstransformer:B,pl:mixin:A,pl:connector_pre_launch:A}
	at java.base/jdk.internal.reflect.DirectMethodHandleAccessor.invoke(DirectMethodHandleAccessor.java:103) ~[?:?] {}
	at java.base/java.lang.reflect.Method.invoke(Method.java:580) ~[?:?] {re:mixin}
	at MC-BOOTSTRAP/fml_loader@4.0.42/net.neoforged.fml.loading.targets.CommonLaunchHandler.runTarget(CommonLaunchHandler.java:136) ~[loader-4.0.42.jar%2391!/:4.0] {}
	at MC-BOOTSTRAP/fml_loader@4.0.42/net.neoforged.fml.loading.targets.CommonLaunchHandler.serverService(CommonLaunchHandler.java:128) ~[loader-4.0.42.jar%2391!/:4.0] {}
	at MC-BOOTSTRAP/fml_loader@4.0.42/net.neoforged.fml.loading.targets.CommonServerLaunchHandler.runService(CommonServerLaunchHandler.java:32) ~[loader-4.0.42.jar%2391!/:4.0] {}
	at MC-BOOTSTRAP/fml_loader@4.0.42/net.neoforged.fml.loading.targets.CommonLaunchHandler.lambda$launchService$4(CommonLaunchHandler.java:118) ~[loader-4.0.42.jar%2391!/:4.0] {}
	at MC-BOOTSTRAP/cpw.mods.modlauncher@11.0.5/cpw.mods.modlauncher.LaunchServiceHandlerDecorator.launch(LaunchServiceHandlerDecorator.java:30) [modlauncher-11.0.5.jar%2396!/:?] {}
	at MC-BOOTSTRAP/cpw.mods.modlauncher@11.0.5/cpw.mods.modlauncher.LaunchServiceHandler.launch(LaunchServiceHandler.java:53) [modlauncher-11.0.5.jar%2396!/:?] {}
	at MC-BOOTSTRAP/cpw.mods.modlauncher@11.0.5/cpw.mods.modlauncher.LaunchServiceHandler.launch(LaunchServiceHandler.java:71) [modlauncher-11.0.5.jar%2396!/:?] {}
	at MC-BOOTSTRAP/cpw.mods.modlauncher@11.0.5/cpw.mods.modlauncher.Launcher.run(Launcher.java:103) [modlauncher-11.0.5.jar%2396!/:?] {}
	at MC-BOOTSTRAP/cpw.mods.modlauncher@11.0.5/cpw.mods.modlauncher.Launcher.main(Launcher.java:74) [modlauncher-11.0.5.jar%2396!/:?] {}
	at MC-BOOTSTRAP/cpw.mods.modlauncher@11.0.5/cpw.mods.modlauncher.BootstrapLaunchConsumer.accept(BootstrapLaunchConsumer.java:26) [modlauncher-11.0.5.jar%2396!/:?] {}
	at MC-BOOTSTRAP/cpw.mods.modlauncher@11.0.5/cpw.mods.modlauncher.BootstrapLaunchConsumer.accept(BootstrapLaunchConsumer.java:23) [modlauncher-11.0.5.jar%2396!/:?] {}
	at MC-BOOTSTRAP/arclight.boot@1.21.1-1.0.2-SNAPSHOT-0769551/io.izzel.arclight.boot.neoforge.application.ApplicationBootstrap.accept(ApplicationBootstrap.java:47) [arclight-neoforge-1.21.1-1.0.2-SNAPSHOT-0769551.jar%2389!/:arclight-1.21.1-1.0.2-SNAPSHOT-0769551] {}
	at MC-BOOTSTRAP/arclight.boot@1.21.1-1.0.2-SNAPSHOT-0769551/io.izzel.arclight.boot.neoforge.application.ApplicationBootstrap.accept(ApplicationBootstrap.java:14) [arclight-neoforge-1.21.1-1.0.2-SNAPSHOT-0769551.jar%2389!/:arclight-1.21.1-1.0.2-SNAPSHOT-0769551] {}
	at cpw.mods.bootstraplauncher@2.0.2/cpw.mods.bootstraplauncher.BootstrapLauncher.run(BootstrapLauncher.java:210) [bootstraplauncher-2.0.2.jar:?] {}
	at cpw.mods.bootstraplauncher@2.0.2/cpw.mods.bootstraplauncher.BootstrapLauncher.main(BootstrapLauncher.java:69) [bootstraplauncher-2.0.2.jar:?] {}
	at java.base/jdk.internal.reflect.DirectMethodHandleAccessor.invoke(DirectMethodHandleAccessor.java:103) ~[?:?] {}
	at java.base/java.lang.reflect.Method.invoke(Method.java:580) ~[?:?] {re:mixin}
	at io.izzel.arclight.boot.neoforge.application.Main_Neoforge.main(Main_Neoforge.java:23) [arclight-neoforge-1.21.1-1.0.2-SNAPSHOT-0769551.jar:arclight-1.21.1-1.0.2-SNAPSHOT-0769551] {}
	at io.izzel.arclight.server.Launcher.main(Launcher.java:39) [arclight-neoforge-1.21.1-1.0.2-SNAPSHOT-0769551.jar:arclight-1.21.1-1.0.2-SNAPSHOT-0769551] {}
[04Jul2026 18:23:45.597] [main/ERROR] [net.minecraft.world.item.crafting.RecipeManager/]: Parsing error loading recipe silentgear:woodcutting/netherwood_trapdoor
com.google.gson.JsonParseException: Unknown registry key in ResourceKey[minecraft:root / minecraft:recipe_serializer]: woodcutter:woodcutting
	at MC-BOOTSTRAP/datafixerupper@8.0.16/com.mojang.serialization.DataResult$Error.getOrThrow(DataResult.java:287) ~[datafixerupper-8.0.16.jar%23132!/:?] {re:mixin}
	at TRANSFORMER/minecraft@1.21.1/net.minecraft.world.item.crafting.RecipeManager.apply(RecipeManagerMixin_NeoForge.java:60) ~[server-1.21.1-20240808.144430-srg.jar%23261!/:?] {re:mixin,pl:accesstransformer:B,pl:connector_pre_launch:A,re:classloading,pl:accesstransformer:B,pl:mixin:A,pl:connector_pre_launch:A}
	at TRANSFORMER/minecraft@1.21.1/net.minecraft.world.item.crafting.RecipeManager.apply(RecipeManagerMixin_NeoForge.java:36) ~[server-1.21.1-20240808.144430-srg.jar%23261!/:?] {re:mixin,pl:accesstransformer:B,pl:connector_pre_launch:A,re:classloading,pl:accesstransformer:B,pl:mixin:A,pl:connector_pre_launch:A}
	at TRANSFORMER/minecraft@1.21.1/net.minecraft.server.packs.resources.SimplePreparableReloadListener.lambda$reload$1(SimplePreparableReloadListener.java:19) ~[server-1.21.1-20240808.144430-srg.jar%23261!/:?] {re:mixin,pl:connector_pre_launch:A,re:computing_frames,pl:connector_pre_launch:A,re:classloading,pl:mixin:APP:moonlight.mixins.json:ConditionHackMixin from mod moonlight,pl:mixin:APP:fabric-resource-conditions-api-v1.mixins.json:SinglePreparationResourceReloaderMixin from mod fabric_resource_conditions_api_v1,pl:mixin:A,pl:connector_pre_launch:A}
	at java.base/java.util.concurrent.CompletableFuture$UniAccept.tryFire(CompletableFuture.java:718) ~[?:?] {}
	at java.base/java.util.concurrent.CompletableFuture$Completion.run(CompletableFuture.java:482) ~[?:?] {}
	at TRANSFORMER/minecraft@1.21.1/net.minecraft.server.packs.resources.SimpleReloadInstance.lambda$new$3(SimpleReloadInstance.java:69) ~[server-1.21.1-20240808.144430-srg.jar%23261!/:?] {re:mixin,pl:accesstransformer:B,pl:connector_pre_launch:A,re:classloading,pl:accesstransformer:B,pl:mixin:APP:fabric-resource-loader-v0.mixins.json:SimpleResourceReloadMixin from mod fabric_resource_loader_v0,pl:mixin:A,pl:connector_pre_launch:A}
	at TRANSFORMER/minecraft@1.21.1/net.minecraft.Util.blockUntilDone(Util.java:872) ~[server-1.21.1-20240808.144430-srg.jar%23261!/:?] {re:mixin,pl:connector_pre_launch:A,re:classloading,pl:mixin:APP:bettermineshafts.mixins.json:SuppressLogMixin from mod bettermineshafts,pl:mixin:A,pl:connector_pre_launch:A}
	at TRANSFORMER/minecraft@1.21.1/net.minecraft.Util.blockUntilDone(Util.java:861) ~[server-1.21.1-20240808.144430-srg.jar%23261!/:?] {re:mixin,pl:connector_pre_launch:A,re:classloading,pl:mixin:APP:bettermineshafts.mixins.json:SuppressLogMixin from mod bettermineshafts,pl:mixin:A,pl:connector_pre_launch:A}
	at TRANSFORMER/minecraft@1.21.1/net.minecraft.server.Main.main(Main.java:204) ~[server-1.21.1-20240808.144430-srg.jar%23261!/:?] {re:mixin,pl:accesstransformer:B,pl:connector_pre_launch:A,re:classloading,pl:accesstransformer:B,pl:mixin:A,pl:connector_pre_launch:A}
	at java.base/jdk.internal.reflect.DirectMethodHandleAccessor.invoke(DirectMethodHandleAccessor.java:103) ~[?:?] {}
	at java.base/java.lang.reflect.Method.invoke(Method.java:580) ~[?:?] {re:mixin}
	at MC-BOOTSTRAP/fml_loader@4.0.42/net.neoforged.fml.loading.targets.CommonLaunchHandler.runTarget(CommonLaunchHandler.java:136) ~[loader-4.0.42.jar%2391!/:4.0] {}
	at MC-BOOTSTRAP/fml_loader@4.0.42/net.neoforged.fml.loading.targets.CommonLaunchHandler.serverService(CommonLaunchHandler.java:128) ~[loader-4.0.42.jar%2391!/:4.0] {}
	at MC-BOOTSTRAP/fml_loader@4.0.42/net.neoforged.fml.loading.targets.CommonServerLaunchHandler.runService(CommonServerLaunchHandler.java:32) ~[loader-4.0.42.jar%2391!/:4.0] {}
	at MC-BOOTSTRAP/fml_loader@4.0.42/net.neoforged.fml.loading.targets.CommonLaunchHandler.lambda$launchService$4(CommonLaunchHandler.java:118) ~[loader-4.0.42.jar%2391!/:4.0] {}
	at MC-BOOTSTRAP/cpw.mods.modlauncher@11.0.5/cpw.mods.modlauncher.LaunchServiceHandlerDecorator.launch(LaunchServiceHandlerDecorator.java:30) [modlauncher-11.0.5.jar%2396!/:?] {}
	at MC-BOOTSTRAP/cpw.mods.modlauncher@11.0.5/cpw.mods.modlauncher.LaunchServiceHandler.launch(LaunchServiceHandler.java:53) [modlauncher-11.0.5.jar%2396!/:?] {}
	at MC-BOOTSTRAP/cpw.mods.modlauncher@11.0.5/cpw.mods.modlauncher.LaunchServiceHandler.launch(LaunchServiceHandler.java:71) [modlauncher-11.0.5.jar%2396!/:?] {}
	at MC-BOOTSTRAP/cpw.mods.modlauncher@11.0.5/cpw.mods.modlauncher.Launcher.run(Launcher.java:103) [modlauncher-11.0.5.jar%2396!/:?] {}
	at MC-BOOTSTRAP/cpw.mods.modlauncher@11.0.5/cpw.mods.modlauncher.Launcher.main(Launcher.java:74) [modlauncher-11.0.5.jar%2396!/:?] {}
	at MC-BOOTSTRAP/cpw.mods.modlauncher@11.0.5/cpw.mods.modlauncher.BootstrapLaunchConsumer.accept(BootstrapLaunchConsumer.java:26) [modlauncher-11.0.5.jar%2396!/:?] {}
	at MC-BOOTSTRAP/cpw.mods.modlauncher@11.0.5/cpw.mods.modlauncher.BootstrapLaunchConsumer.accept(BootstrapLaunchConsumer.java:23) [modlauncher-11.0.5.jar%2396!/:?] {}
	at MC-BOOTSTRAP/arclight.boot@1.21.1-1.0.2-SNAPSHOT-0769551/io.izzel.arclight.boot.neoforge.application.ApplicationBootstrap.accept(ApplicationBootstrap.java:47) [arclight-neoforge-1.21.1-1.0.2-SNAPSHOT-0769551.jar%2389!/:arclight-1.21.1-1.0.2-SNAPSHOT-0769551] {}
	at MC-BOOTSTRAP/arclight.boot@1.21.1-1.0.2-SNAPSHOT-0769551/io.izzel.arclight.boot.neoforge.application.ApplicationBootstrap.accept(ApplicationBootstrap.java:14) [arclight-neoforge-1.21.1-1.0.2-SNAPSHOT-0769551.jar%2389!/:arclight-1.21.1-1.0.2-SNAPSHOT-0769551] {}
	at cpw.mods.bootstraplauncher@2.0.2/cpw.mods.bootstraplauncher.BootstrapLauncher.run(BootstrapLauncher.java:210) [bootstraplauncher-2.0.2.jar:?] {}
	at cpw.mods.bootstraplauncher@2.0.2/cpw.mods.bootstraplauncher.BootstrapLauncher.main(BootstrapLauncher.java:69) [bootstraplauncher-2.0.2.jar:?] {}
	at java.base/jdk.internal.reflect.DirectMethodHandleAccessor.invoke(DirectMethodHandleAccessor.java:103) ~[?:?] {}
	at java.base/java.lang.reflect.Method.invoke(Method.java:580) ~[?:?] {re:mixin}
	at io.izzel.arclight.boot.neoforge.application.Main_Neoforge.main(Main_Neoforge.java:23) [arclight-neoforge-1.21.1-1.0.2-SNAPSHOT-0769551.jar:arclight-1.21.1-1.0.2-SNAPSHOT-0769551] {}
	at io.izzel.arclight.server.Launcher.main(Launcher.java:39) [arclight-neoforge-1.21.1-1.0.2-SNAPSHOT-0769551.jar:arclight-1.21.1-1.0.2-SNAPSHOT-0769551] {}
[04Jul2026 18:23:45.605] [main/ERROR] [net.minecraft.world.item.crafting.RecipeManager/]: Parsing error loading recipe silentgear:woodcutting/netherwood_stairs
com.google.gson.JsonParseException: Unknown registry key in ResourceKey[minecraft:root / minecraft:recipe_serializer]: woodcutter:woodcutting
	at MC-BOOTSTRAP/datafixerupper@8.0.16/com.mojang.serialization.DataResult$Error.getOrThrow(DataResult.java:287) ~[datafixerupper-8.0.16.jar%23132!/:?] {re:mixin}
	at TRANSFORMER/minecraft@1.21.1/net.minecraft.world.item.crafting.RecipeManager.apply(RecipeManagerMixin_NeoForge.java:60) ~[server-1.21.1-20240808.144430-srg.jar%23261!/:?] {re:mixin,pl:accesstransformer:B,pl:connector_pre_launch:A,re:classloading,pl:accesstransformer:B,pl:mixin:A,pl:connector_pre_launch:A}
	at TRANSFORMER/minecraft@1.21.1/net.minecraft.world.item.crafting.RecipeManager.apply(RecipeManagerMixin_NeoForge.java:36) ~[server-1.21.1-20240808.144430-srg.jar%23261!/:?] {re:mixin,pl:accesstransformer:B,pl:connector_pre_launch:A,re:classloading,pl:accesstransformer:B,pl:mixin:A,pl:connector_pre_launch:A}
	at TRANSFORMER/minecraft@1.21.1/net.minecraft.server.packs.resources.SimplePreparableReloadListener.lambda$reload$1(SimplePreparableReloadListener.java:19) ~[server-1.21.1-20240808.144430-srg.jar%23261!/:?] {re:mixin,pl:connector_pre_launch:A,re:computing_frames,pl:connector_pre_launch:A,re:classloading,pl:mixin:APP:moonlight.mixins.json:ConditionHackMixin from mod moonlight,pl:mixin:APP:fabric-resource-conditions-api-v1.mixins.json:SinglePreparationResourceReloaderMixin from mod fabric_resource_conditions_api_v1,pl:mixin:A,pl:connector_pre_launch:A}
	at java.base/java.util.concurrent.CompletableFuture$UniAccept.tryFire(CompletableFuture.java:718) ~[?:?] {}
	at java.base/java.util.concurrent.CompletableFuture$Completion.run(CompletableFuture.java:482) ~[?:?] {}
	at TRANSFORMER/minecraft@1.21.1/net.minecraft.server.packs.resources.SimpleReloadInstance.lambda$new$3(SimpleReloadInstance.java:69) ~[server-1.21.1-20240808.144430-srg.jar%23261!/:?] {re:mixin,pl:accesstransformer:B,pl:connector_pre_launch:A,re:classloading,pl:accesstransformer:B,pl:mixin:APP:fabric-resource-loader-v0.mixins.json:SimpleResourceReloadMixin from mod fabric_resource_loader_v0,pl:mixin:A,pl:connector_pre_launch:A}
	at TRANSFORMER/minecraft@1.21.1/net.minecraft.Util.blockUntilDone(Util.java:872) ~[server-1.21.1-20240808.144430-srg.jar%23261!/:?] {re:mixin,pl:connector_pre_launch:A,re:classloading,pl:mixin:APP:bettermineshafts.mixins.json:SuppressLogMixin from mod bettermineshafts,pl:mixin:A,pl:connector_pre_launch:A}
	at TRANSFORMER/minecraft@1.21.1/net.minecraft.Util.blockUntilDone(Util.java:861) ~[server-1.21.1-20240808.144430-srg.jar%23261!/:?] {re:mixin,pl:connector_pre_launch:A,re:classloading,pl:mixin:APP:bettermineshafts.mixins.json:SuppressLogMixin from mod bettermineshafts,pl:mixin:A,pl:connector_pre_launch:A}
	at TRANSFORMER/minecraft@1.21.1/net.minecraft.server.Main.main(Main.java:204) ~[server-1.21.1-20240808.144430-srg.jar%23261!/:?] {re:mixin,pl:accesstransformer:B,pl:connector_pre_launch:A,re:classloading,pl:accesstransformer:B,pl:mixin:A,pl:connector_pre_launch:A}
	at java.base/jdk.internal.reflect.DirectMethodHandleAccessor.invoke(DirectMethodHandleAccessor.java:103) ~[?:?] {}
	at java.base/java.lang.reflect.Method.invoke(Method.java:580) ~[?:?] {re:mixin}
	at MC-BOOTSTRAP/fml_loader@4.0.42/net.neoforged.fml.loading.targets.CommonLaunchHandler.runTarget(CommonLaunchHandler.java:136) ~[loader-4.0.42.jar%2391!/:4.0] {}
	at MC-BOOTSTRAP/fml_loader@4.0.42/net.neoforged.fml.loading.targets.CommonLaunchHandler.serverService(CommonLaunchHandler.java:128) ~[loader-4.0.42.jar%2391!/:4.0] {}
	at MC-BOOTSTRAP/fml_loader@4.0.42/net.neoforged.fml.loading.targets.CommonServerLaunchHandler.runService(CommonServerLaunchHandler.java:32) ~[loader-4.0.42.jar%2391!/:4.0] {}
	at MC-BOOTSTRAP/fml_loader@4.0.42/net.neoforged.fml.loading.targets.CommonLaunchHandler.lambda$launchService$4(CommonLaunchHandler.java:118) ~[loader-4.0.42.jar%2391!/:4.0] {}
	at MC-BOOTSTRAP/cpw.mods.modlauncher@11.0.5/cpw.mods.modlauncher.LaunchServiceHandlerDecorator.launch(LaunchServiceHandlerDecorator.java:30) [modlauncher-11.0.5.jar%2396!/:?] {}
	at MC-BOOTSTRAP/cpw.mods.modlauncher@11.0.5/cpw.mods.modlauncher.LaunchServiceHandler.launch(LaunchServiceHandler.java:53) [modlauncher-11.0.5.jar%2396!/:?] {}
	at MC-BOOTSTRAP/cpw.mods.modlauncher@11.0.5/cpw.mods.modlauncher.LaunchServiceHandler.launch(LaunchServiceHandler.java:71) [modlauncher-11.0.5.jar%2396!/:?] {}
	at MC-BOOTSTRAP/cpw.mods.modlauncher@11.0.5/cpw.mods.modlauncher.Launcher.run(Launcher.java:103) [modlauncher-11.0.5.jar%2396!/:?] {}
	at MC-BOOTSTRAP/cpw.mods.modlauncher@11.0.5/cpw.mods.modlauncher.Launcher.main(Launcher.java:74) [modlauncher-11.0.5.jar%2396!/:?] {}
	at MC-BOOTSTRAP/cpw.mods.modlauncher@11.0.5/cpw.mods.modlauncher.BootstrapLaunchConsumer.accept(BootstrapLaunchConsumer.java:26) [modlauncher-11.0.5.jar%2396!/:?] {}
	at MC-BOOTSTRAP/cpw.mods.modlauncher@11.0.5/cpw.mods.modlauncher.BootstrapLaunchConsumer.accept(BootstrapLaunchConsumer.java:23) [modlauncher-11.0.5.jar%2396!/:?] {}
	at MC-BOOTSTRAP/arclight.boot@1.21.1-1.0.2-SNAPSHOT-0769551/io.izzel.arclight.boot.neoforge.application.ApplicationBootstrap.accept(ApplicationBootstrap.java:47) [arclight-neoforge-1.21.1-1.0.2-SNAPSHOT-0769551.jar%2389!/:arclight-1.21.1-1.0.2-SNAPSHOT-0769551] {}
	at MC-BOOTSTRAP/arclight.boot@1.21.1-1.0.2-SNAPSHOT-0769551/io.izzel.arclight.boot.neoforge.application.ApplicationBootstrap.accept(ApplicationBootstrap.java:14) [arclight-neoforge-1.21.1-1.0.2-SNAPSHOT-0769551.jar%2389!/:arclight-1.21.1-1.0.2-SNAPSHOT-0769551] {}
	at cpw.mods.bootstraplauncher@2.0.2/cpw.mods.bootstraplauncher.BootstrapLauncher.run(BootstrapLauncher.java:210) [bootstraplauncher-2.0.2.jar:?] {}
	at cpw.mods.bootstraplauncher@2.0.2/cpw.mods.bootstraplauncher.BootstrapLauncher.main(BootstrapLauncher.java:69) [bootstraplauncher-2.0.2.jar:?] {}
	at java.base/jdk.internal.reflect.DirectMethodHandleAccessor.invoke(DirectMethodHandleAccessor.java:103) ~[?:?] {}
	at java.base/java.lang.reflect.Method.invoke(Method.java:580) ~[?:?] {re:mixin}
	at io.izzel.arclight.boot.neoforge.application.Main_Neoforge.main(Main_Neoforge.java:23) [arclight-neoforge-1.21.1-1.0.2-SNAPSHOT-0769551.jar:arclight-1.21.1-1.0.2-SNAPSHOT-0769551] {}
	at io.izzel.arclight.server.Launcher.main(Launcher.java:39) [arclight-neoforge-1.21.1-1.0.2-SNAPSHOT-0769551.jar:arclight-1.21.1-1.0.2-SNAPSHOT-0769551] {}
[04Jul2026 18:23:45.646] [main/INFO] [net.minecraft.world.item.crafting.RecipeManager/]: Loaded 14019 recipes
[04Jul2026 18:23:45.656] [main/INFO] [wover-recipe/]: Added 0 recipes in 1ms
[04Jul2026 18:23:46.001] [main/ERROR] [net.minecraft.advancements.AdvancementTree/]: Couldn't load advancements: [dungeons_arise:find_thornborn_towers, dungeons_arise:find_fishing_hut]
[04Jul2026 18:23:46.001] [main/INFO] [net.minecraft.advancements.AdvancementTree/]: Loaded 9638 advancements
[04Jul2026 18:23:46.013] [main/INFO] [Curios API/]: Loaded 12 curio slots
[04Jul2026 18:23:46.016] [main/INFO] [Curios API/]: Loaded 1 curio entities
[04Jul2026 18:23:46.050] [main/WARN] [net.conczin.mca.MCA/]: Dialogue cobblemon:sacchi_interaction is not properly formatted, not loading
[04Jul2026 18:23:46.050] [main/WARN] [net.conczin.mca.MCA/]: Dialogue cobblemon:sacchi_healed is not properly formatted, not loading
[04Jul2026 18:23:46.050] [main/WARN] [net.conczin.mca.MCA/]: Dialogue cobblemon:example is not properly formatted, not loading
[04Jul2026 18:23:46.050] [main/WARN] [net.conczin.mca.MCA/]: Dialogue cobblemon:npc-example is not properly formatted, not loading
[04Jul2026 18:23:46.066] [main/INFO] [Tide/]: Loaded 10 bait data entries
[04Jul2026 18:23:46.068] [main/INFO] [Tide/]: Loaded 4 fishing rod accessory data entries
[04Jul2026 18:23:46.072] [main/INFO] [Dungeon Crawl/]: Loading data...
[04Jul2026 18:23:46.223] [main/INFO] [Dungeon Crawl/]: Done.
[04Jul2026 18:23:46.243] [main/INFO] [com.enderio.machines.common.souldata.SoulDataReloadListener/]: Data loader for eio_soul/solar loaded 1 jsons
[04Jul2026 18:23:46.243] [main/INFO] [com.enderio.machines.common.souldata.SoulDataReloadListener/]: Data loader for eio_soul/spawner loaded 73 jsons
[04Jul2026 18:23:46.243] [main/INFO] [com.enderio.machines.common.souldata.SoulDataReloadListener/]: Data loader for eio_soul/engine loaded 5 jsons
[04Jul2026 18:23:46.266] [main/INFO] [Moonlight/]: Applied 17 data villager trades
[04Jul2026 18:23:46.267] [main/INFO] [Silent Gear/TraitManager]: Reloading trait files
[04Jul2026 18:23:46.268] [main/INFO] [Silent Gear/TraitManager]: Decoding trait "silentgear:accelerate" in pack "mod/silentgear"
[04Jul2026 18:23:46.268] [main/INFO] [Silent Gear/TraitManager]: Decoding trait "silentgear:adamant" in pack "mod/silentgear"
[04Jul2026 18:23:46.268] [main/INFO] [Silent Gear/TraitManager]: Decoding trait "silentgear:ancient" in pack "mod/silentgear"
[04Jul2026 18:23:46.268] [main/INFO] [Silent Gear/TraitManager]: Decoding trait "silentgear:aquatic" in pack "mod/silentgear"
[04Jul2026 18:23:46.268] [main/INFO] [Silent Gear/TraitManager]: Decoding trait "silentgear:bastion" in pack "mod/silentgear"
[04Jul2026 18:23:46.270] [main/INFO] [Silent Gear/TraitManager]: Decoding trait "silentgear:bending" in pack "mod/silentgear"
[04Jul2026 18:23:46.270] [main/INFO] [Silent Gear/TraitManager]: Decoding trait "silentgear:bounce" in pack "mod/silentgear"
[04Jul2026 18:23:46.270] [main/INFO] [Silent Gear/TraitManager]: Decoding trait "silentgear:brilliant" in pack "mod/silentgear"
[04Jul2026 18:23:46.270] [main/INFO] [Silent Gear/TraitManager]: Decoding trait "silentgear:brittle" in pack "mod/silentgear"
[04Jul2026 18:23:46.270] [main/INFO] [Silent Gear/TraitManager]: Decoding trait "silentgear:bulky" in pack "mod/silentgear"
[04Jul2026 18:23:46.270] [main/INFO] [Silent Gear/TraitManager]: Decoding trait "silentgear:chilled" in pack "mod/silentgear"
[04Jul2026 18:23:46.270] [main/INFO] [Silent Gear/TraitManager]: Decoding trait "silentgear:chipping" in pack "mod/silentgear"
[04Jul2026 18:23:46.270] [main/INFO] [Silent Gear/TraitManager]: Decoding trait "silentgear:confetti" in pack "mod/silentgear"
[04Jul2026 18:23:46.270] [main/INFO] [Silent Gear/TraitManager]: Decoding trait "silentgear:crackler" in pack "mod/silentgear"
[04Jul2026 18:23:46.270] [main/INFO] [Silent Gear/TraitManager]: Decoding trait "silentgear:crude" in pack "mod/silentgear"
[04Jul2026 18:23:46.270] [main/INFO] [Silent Gear/TraitManager]: Decoding trait "silentgear:crushing" in pack "mod/silentgear"
[04Jul2026 18:23:46.270] [main/INFO] [Silent Gear/TraitManager]: Decoding trait "silentgear:cure_poison" in pack "mod/silentgear"
[04Jul2026 18:23:46.270] [main/INFO] [Silent Gear/TraitManager]: Decoding trait "silentgear:cure_wither" in pack "mod/silentgear"
[04Jul2026 18:23:46.270] [main/INFO] [Silent Gear/TraitManager]: Decoding trait "silentgear:cursed" in pack "mod/silentgear"
[04Jul2026 18:23:46.271] [main/INFO] [Silent Gear/TraitManager]: Decoding trait "silentgear:dulling" in pack "mod/silentgear"
[04Jul2026 18:23:46.271] [main/INFO] [Silent Gear/TraitManager]: Decoding trait "silentgear:eroded" in pack "mod/silentgear"
[04Jul2026 18:23:46.271] [main/INFO] [Silent Gear/TraitManager]: Decoding trait "silentgear:fiery" in pack "mod/silentgear"
[04Jul2026 18:23:46.271] [main/INFO] [Silent Gear/TraitManager]: Decoding trait "silentgear:fireproof" in pack "mod/silentgear"
[04Jul2026 18:23:46.271] [main/INFO] [Silent Gear/TraitManager]: Decoding trait "silentgear:flame_ward" in pack "mod/silentgear"
[04Jul2026 18:23:46.271] [main/INFO] [Silent Gear/TraitManager]: Decoding trait "silentgear:flammable" in pack "mod/silentgear"
[04Jul2026 18:23:46.271] [main/INFO] [Silent Gear/TraitManager]: Decoding trait "silentgear:flexible" in pack "mod/silentgear"
[04Jul2026 18:23:46.271] [main/INFO] [Silent Gear/TraitManager]: Decoding trait "silentgear:floatstoner" in pack "mod/silentgear"
[04Jul2026 18:23:46.271] [main/INFO] [Silent Gear/TraitManager]: Decoding trait "silentgear:flutter" in pack "mod/silentgear"
[04Jul2026 18:23:46.271] [main/INFO] [Silent Gear/TraitManager]: Decoding trait "silentgear:fortunate" in pack "mod/silentgear"
[04Jul2026 18:23:46.271] [main/INFO] [Silent Gear/TraitManager]: Decoding trait "silentgear:gold_digger" in pack "mod/silentgear"
[04Jul2026 18:23:46.271] [main/INFO] [Silent Gear/TraitManager]: Decoding trait "silentgear:greedy" in pack "mod/silentgear"
[04Jul2026 18:23:46.272] [main/INFO] [Silent Gear/TraitManager]: Decoding trait "silentgear:hard" in pack "mod/silentgear"
[04Jul2026 18:23:46.272] [main/INFO] [Silent Gear/TraitManager]: Decoding trait "silentgear:heat_resistant" in pack "mod/silentgear"
[04Jul2026 18:23:46.272] [main/INFO] [Silent Gear/TraitManager]: Decoding trait "silentgear:heavy" in pack "mod/silentgear"
[04Jul2026 18:23:46.272] [main/INFO] [Silent Gear/TraitManager]: Decoding trait "silentgear:holy" in pack "mod/silentgear"
[04Jul2026 18:23:46.272] [main/INFO] [Silent Gear/TraitManager]: Decoding trait "silentgear:ignite" in pack "mod/silentgear"
[04Jul2026 18:23:46.272] [main/INFO] [Silent Gear/TraitManager]: Decoding trait "silentgear:imperial" in pack "mod/silentgear"
[04Jul2026 18:23:46.272] [main/INFO] [Silent Gear/TraitManager]: Decoding trait "silentgear:indestructible" in pack "mod/silentgear"
[04Jul2026 18:23:46.272] [main/INFO] [Silent Gear/TraitManager]: Decoding trait "silentgear:jabberwocky" in pack "mod/silentgear"
[04Jul2026 18:23:46.272] [main/INFO] [Silent Gear/TraitManager]: Decoding trait "silentgear:jagged" in pack "mod/silentgear"
[04Jul2026 18:23:46.273] [main/INFO] [Silent Gear/TraitManager]: Decoding trait "silentgear:kitty_vision" in pack "mod/silentgear"
[04Jul2026 18:23:46.273] [main/INFO] [Silent Gear/TraitManager]: Decoding trait "silentgear:light" in pack "mod/silentgear"
[04Jul2026 18:23:46.273] [main/INFO] [Silent Gear/TraitManager]: Decoding trait "silentgear:lucky" in pack "mod/silentgear"
[04Jul2026 18:23:46.273] [main/INFO] [Silent Gear/TraitManager]: Decoding trait "silentgear:lustrous" in pack "mod/silentgear"
[04Jul2026 18:23:46.273] [main/INFO] [Silent Gear/TraitManager]: Decoding trait "silentgear:magmatic" in pack "mod/silentgear"
[04Jul2026 18:23:46.273] [main/INFO] [Silent Gear/TraitManager]: Decoding trait "silentgear:magnetic" in pack "mod/silentgear"
[04Jul2026 18:23:46.273] [main/INFO] [Silent Gear/TraitManager]: Decoding trait "silentgear:malleable" in pack "mod/silentgear"
[04Jul2026 18:23:46.273] [main/INFO] [Silent Gear/TraitManager]: Decoding trait "silentgear:mighty" in pack "mod/silentgear"
[04Jul2026 18:23:46.273] [main/INFO] [Silent Gear/TraitManager]: Decoding trait "silentgear:moonwalker" in pack "mod/silentgear"
[04Jul2026 18:23:46.273] [main/INFO] [Silent Gear/TraitManager]: Decoding trait "silentgear:multi_break" in pack "mod/silentgear"
[04Jul2026 18:23:46.273] [main/INFO] [Silent Gear/TraitManager]: Decoding trait "silentgear:organic" in pack "mod/silentgear"
[04Jul2026 18:23:46.273] [main/INFO] [Silent Gear/TraitManager]: Decoding trait "silentgear:racker" in pack "mod/silentgear"
[04Jul2026 18:23:46.273] [main/INFO] [Silent Gear/TraitManager]: Decoding trait "silentgear:reach" in pack "mod/silentgear"
[04Jul2026 18:23:46.273] [main/INFO] [Silent Gear/TraitManager]: Decoding trait "silentgear:red_card" in pack "mod/silentgear"
[04Jul2026 18:23:46.273] [main/INFO] [Silent Gear/TraitManager]: Decoding trait "silentgear:refractive" in pack "mod/silentgear"
[04Jul2026 18:23:46.273] [main/INFO] [Silent Gear/TraitManager]: Decoding trait "silentgear:renew" in pack "mod/silentgear"
[04Jul2026 18:23:46.273] [main/INFO] [Silent Gear/TraitManager]: Decoding trait "silentgear:road_maker" in pack "mod/silentgear"
[04Jul2026 18:23:46.273] [main/INFO] [Silent Gear/TraitManager]: Decoding trait "silentgear:rustic" in pack "mod/silentgear"
[04Jul2026 18:23:46.273] [main/INFO] [Silent Gear/TraitManager]: Decoding trait "silentgear:sharp" in pack "mod/silentgear"
[04Jul2026 18:23:46.273] [main/INFO] [Silent Gear/TraitManager]: Decoding trait "silentgear:silky" in pack "mod/silentgear"
[04Jul2026 18:23:46.273] [main/INFO] [Silent Gear/TraitManager]: Decoding trait "silentgear:snow_walker" in pack "mod/silentgear"
[04Jul2026 18:23:46.274] [main/INFO] [Silent Gear/TraitManager]: Decoding trait "silentgear:soft" in pack "mod/silentgear"
[04Jul2026 18:23:46.274] [main/INFO] [Silent Gear/TraitManager]: Decoding trait "silentgear:spoon" in pack "mod/silentgear"
[04Jul2026 18:23:46.274] [main/INFO] [Silent Gear/TraitManager]: Decoding trait "silentgear:stellar" in pack "mod/silentgear"
[04Jul2026 18:23:46.274] [main/INFO] [Silent Gear/TraitManager]: Decoding trait "silentgear:sturdy" in pack "mod/silentgear"
[04Jul2026 18:23:46.274] [main/INFO] [Silent Gear/TraitManager]: Decoding trait "silentgear:swift_swim" in pack "mod/silentgear"
[04Jul2026 18:23:46.274] [main/INFO] [Silent Gear/TraitManager]: Decoding trait "silentgear:synergistic" in pack "mod/silentgear"
[04Jul2026 18:23:46.274] [main/INFO] [Silent Gear/TraitManager]: Decoding trait "silentgear:terminus" in pack "mod/silentgear"
[04Jul2026 18:23:46.274] [main/INFO] [Silent Gear/TraitManager]: Decoding trait "silentgear:turtle" in pack "mod/silentgear"
[04Jul2026 18:23:46.274] [main/INFO] [Silent Gear/TraitManager]: Decoding trait "silentgear:venom" in pack "mod/silentgear"
[04Jul2026 18:23:46.274] [main/INFO] [Silent Gear/TraitManager]: Decoding trait "silentgear:void_ward" in pack "mod/silentgear"
[04Jul2026 18:23:46.274] [main/INFO] [Silent Gear/TraitManager]: Decoding trait "silentgear:vulcan" in pack "mod/silentgear"
[04Jul2026 18:23:46.274] [main/INFO] [Silent Gear/TraitManager]: Decoding trait "silentgear:widen" in pack "mod/silentgear"
[04Jul2026 18:23:46.274] [main/INFO] [Silent Gear/TraitManager]: Decoding trait "silentgear:wind_blast" in pack "mod/silentgear"
[04Jul2026 18:23:46.274] [main/INFO] [Silent Gear/TraitManager]: Decoding trait "silentgear:yummy" in pack "mod/silentgear"
[04Jul2026 18:23:46.274] [main/INFO] [Silent Gear/TraitManager]: Decoded 75 traits
[04Jul2026 18:23:46.275] [main/INFO] [Silent Gear/MaterialManager]: Reloading material files
[04Jul2026 18:23:46.275] [main/INFO] [Silent Gear/MaterialManager]: Decoding material "silentgear:aluminum" in pack "mod/silentgear"
[04Jul2026 18:23:46.280] [main/INFO] [Silent Gear/MaterialManager]: Decoding material "silentgear:aluminum_steel" in pack "mod/silentgear"
[04Jul2026 18:23:46.281] [main/INFO] [Silent Gear/MaterialManager]: Decoding material "silentgear:amethyst" in pack "mod/silentgear"
[04Jul2026 18:23:46.282] [main/INFO] [Silent Gear/MaterialManager]: Decoding material "silentgear:azure_electrum" in pack "mod/silentgear"
[04Jul2026 18:23:46.282] [main/INFO] [Silent Gear/MaterialManager]: Decoding material "silentgear:azure_silver" in pack "mod/silentgear"
[04Jul2026 18:23:46.283] [main/INFO] [Silent Gear/MaterialManager]: Decoding material "silentgear:bamboo" in pack "mod/silentgear"
[04Jul2026 18:23:46.283] [main/INFO] [Silent Gear/MaterialManager]: Decoding material "silentgear:barrier" in pack "mod/silentgear"
[04Jul2026 18:23:46.283] [main/INFO] [Silent Gear/MaterialManager]: Decoding material "silentgear:basalt" in pack "mod/silentgear"
[04Jul2026 18:23:46.284] [main/INFO] [Silent Gear/MaterialManager]: Decoding material "silentgear:bismuth" in pack "mod/silentgear"
[04Jul2026 18:23:46.284] [main/INFO] [Silent Gear/MaterialManager]: Decoding material "silentgear:bismuth_brass" in pack "mod/silentgear"
[04Jul2026 18:23:46.284] [main/INFO] [Silent Gear/MaterialManager]: Decoding material "silentgear:bismuth_steel" in pack "mod/silentgear"
[04Jul2026 18:23:46.285] [main/INFO] [Silent Gear/MaterialManager]: Decoding material "silentgear:blackstone" in pack "mod/silentgear"
[04Jul2026 18:23:46.285] [main/INFO] [Silent Gear/MaterialManager]: Decoding material "silentgear:blaze_gold" in pack "mod/silentgear"
[04Jul2026 18:23:46.285] [main/INFO] [Silent Gear/MaterialManager]: Decoding material "silentgear:blaze_rod" in pack "mod/silentgear"
[04Jul2026 18:23:46.286] [main/INFO] [Silent Gear/MaterialManager]: Decoding material "silentgear:bone" in pack "mod/silentgear"
[04Jul2026 18:23:46.286] [main/INFO] [Silent Gear/MaterialManager]: Decoding material "silentgear:brass" in pack "mod/silentgear"
[04Jul2026 18:23:46.287] [main/INFO] [Silent Gear/MaterialManager]: Decoding material "silentgear:breeze_rod" in pack "mod/silentgear"
[04Jul2026 18:23:46.287] [main/INFO] [Silent Gear/MaterialManager]: Decoding material "silentgear:bronze" in pack "mod/silentgear"
[04Jul2026 18:23:46.287] [main/INFO] [Silent Gear/MaterialManager]: Decoding material "silentgear:compressed_iron" in pack "mod/silentgear"
[04Jul2026 18:23:46.287] [main/INFO] [Silent Gear/MaterialManager]: Decoding material "silentgear:copper" in pack "mod/silentgear"
[04Jul2026 18:23:46.288] [main/INFO] [Silent Gear/MaterialManager]: Decoding material "silentgear:crimson_iron" in pack "mod/silentgear"
[04Jul2026 18:23:46.288] [main/INFO] [Silent Gear/MaterialManager]: Decoding material "silentgear:crimson_steel" in pack "mod/silentgear"
[04Jul2026 18:23:46.289] [main/INFO] [Silent Gear/MaterialManager]: Decoding material "silentgear:crude_alloy" in pack "mod/silentgear"
[04Jul2026 18:23:46.289] [main/INFO] [Silent Gear/MaterialManager]: Decoding material "silentgear:crushed_shulker_shell" in pack "mod/silentgear"
[04Jul2026 18:23:46.289] [main/INFO] [Silent Gear/MaterialManager]: Decoding material "silentgear:diamond" in pack "mod/silentgear"
[04Jul2026 18:23:46.290] [main/INFO] [Silent Gear/MaterialManager]: Decoding material "silentgear:dimerald" in pack "mod/silentgear"
[04Jul2026 18:23:46.290] [main/INFO] [Silent Gear/MaterialManager]: Decoding material "silentgear:electrum" in pack "mod/silentgear"
[04Jul2026 18:23:46.290] [main/INFO] [Silent Gear/MaterialManager]: Decoding material "silentgear:emerald" in pack "mod/silentgear"
[04Jul2026 18:23:46.290] [main/INFO] [Silent Gear/MaterialManager]: Decoding material "silentgear:end_rod" in pack "mod/silentgear"
[04Jul2026 18:23:46.290] [main/INFO] [Silent Gear/MaterialManager]: Decoding material "silentgear:end_stone" in pack "mod/silentgear"
[04Jul2026 18:23:46.291] [main/INFO] [Silent Gear/MaterialManager]: Decoding material "silentgear:enderium" in pack "mod/silentgear"
[04Jul2026 18:23:46.291] [main/INFO] [Silent Gear/MaterialManager]: Decoding material "silentgear:example" in pack "mod/silentgear"
[04Jul2026 18:23:46.291] [main/INFO] [Silent Gear/MaterialManager]: Decoding material "silentgear:feather" in pack "mod/silentgear"
[04Jul2026 18:23:46.291] [main/INFO] [Silent Gear/MaterialManager]: Decoding material "silentgear:fine_silk" in pack "mod/silentgear"
[04Jul2026 18:23:46.291] [main/INFO] [Silent Gear/MaterialManager]: Decoding material "silentgear:fine_silk_cloth" in pack "mod/silentgear"
[04Jul2026 18:23:46.291] [main/INFO] [Silent Gear/MaterialManager]: Decoding material "silentgear:flax" in pack "mod/silentgear"
[04Jul2026 18:23:46.291] [main/INFO] [Silent Gear/MaterialManager]: Decoding material "silentgear:flint" in pack "mod/silentgear"
[04Jul2026 18:23:46.292] [main/INFO] [Silent Gear/MaterialManager]: Decoding material "silentgear:fluffy_string" in pack "mod/silentgear"
[04Jul2026 18:23:46.336] [main/INFO] [Silent Gear/MaterialManager]: Decoding material "silentgear:glowstone" in pack "mod/silentgear"
[04Jul2026 18:23:46.337] [main/INFO] [Silent Gear/MaterialManager]: Decoding material "silentgear:gold" in pack "mod/silentgear"
[04Jul2026 18:23:46.338] [main/INFO] [Silent Gear/MaterialManager]: Decoding material "silentgear:high_carbon_steel" in pack "mod/silentgear"
[04Jul2026 18:23:46.339] [main/INFO] [Silent Gear/MaterialManager]: Decoding material "silentgear:hybrid_gem" in pack "mod/silentgear"
[04Jul2026 18:23:46.339] [main/INFO] [Silent Gear/MaterialManager]: Decoding material "silentgear:invar" in pack "mod/silentgear"
[04Jul2026 18:23:46.339] [main/INFO] [Silent Gear/MaterialManager]: Decoding material "silentgear:iron" in pack "mod/silentgear"
[04Jul2026 18:23:46.339] [main/INFO] [Silent Gear/MaterialManager]: Decoding material "silentgear:lapis_lazuli" in pack "mod/silentgear"
[04Jul2026 18:23:46.340] [main/INFO] [Silent Gear/MaterialManager]: Decoding material "silentgear:lead" in pack "mod/silentgear"
[04Jul2026 18:23:46.340] [main/INFO] [Silent Gear/MaterialManager]: Decoding material "silentgear:leather" in pack "mod/silentgear"
[04Jul2026 18:23:46.341] [main/INFO] [Silent Gear/MaterialManager]: Decoding material "silentgear:leaves" in pack "mod/silentgear"
[04Jul2026 18:23:46.341] [main/INFO] [Silent Gear/MaterialManager]: Decoding material "silentgear:lumium" in pack "mod/silentgear"
[04Jul2026 18:23:46.341] [main/INFO] [Silent Gear/MaterialManager]: Decoding material "silentgear:metal_alloy" in pack "mod/silentgear"
[04Jul2026 18:23:46.341] [main/INFO] [Silent Gear/MaterialManager]: Decoding material "silentgear:mixed_fabric" in pack "mod/silentgear"
[04Jul2026 18:23:46.341] [main/INFO] [Silent Gear/MaterialManager]: Decoding material "silentgear:netherite" in pack "mod/silentgear"
[04Jul2026 18:23:46.341] [main/INFO] [Silent Gear/MaterialManager]: Decoding material "silentgear:netherrack" in pack "mod/silentgear"
[04Jul2026 18:23:46.341] [main/INFO] [Silent Gear/MaterialManager]: Decoding material "silentgear:netherwood" in pack "mod/silentgear"
[04Jul2026 18:23:46.341] [main/INFO] [Silent Gear/MaterialManager]: Decoding material "silentgear:nickel" in pack "mod/silentgear"
[04Jul2026 18:23:46.341] [main/INFO] [Silent Gear/MaterialManager]: Decoding material "silentgear:obsidian" in pack "mod/silentgear"
[04Jul2026 18:23:46.343] [main/INFO] [Silent Gear/MaterialManager]: Decoding material "silentgear:osmium" in pack "mod/silentgear"
[04Jul2026 18:23:46.343] [main/INFO] [Silent Gear/MaterialManager]: Decoding material "silentgear:paper" in pack "mod/silentgear"
[04Jul2026 18:23:46.343] [main/INFO] [Silent Gear/MaterialManager]: Decoding material "silentgear:phantom_membrane" in pack "mod/silentgear"
[04Jul2026 18:23:46.343] [main/INFO] [Silent Gear/MaterialManager]: Decoding material "silentgear:platinum" in pack "mod/silentgear"
[04Jul2026 18:23:46.343] [main/INFO] [Silent Gear/MaterialManager]: Decoding material "silentgear:prismarine" in pack "mod/silentgear"
[04Jul2026 18:23:46.345] [main/INFO] [Silent Gear/MaterialManager]: Decoding material "silentgear:quartz" in pack "mod/silentgear"
[04Jul2026 18:23:46.345] [main/INFO] [Silent Gear/MaterialManager]: Decoding material "silentgear:redstone" in pack "mod/silentgear"
[04Jul2026 18:23:46.345] [main/INFO] [Silent Gear/MaterialManager]: Decoding material "silentgear:redstone_alloy" in pack "mod/silentgear"
[04Jul2026 18:23:46.345] [main/INFO] [Silent Gear/MaterialManager]: Decoding material "silentgear:refined_glowstone" in pack "mod/silentgear"
[04Jul2026 18:23:46.346] [main/INFO] [Silent Gear/MaterialManager]: Decoding material "silentgear:refined_iron" in pack "mod/silentgear"
[04Jul2026 18:23:46.346] [main/INFO] [Silent Gear/MaterialManager]: Decoding material "silentgear:refined_obsidian" in pack "mod/silentgear"
[04Jul2026 18:23:46.346] [main/INFO] [Silent Gear/MaterialManager]: Decoding material "silentgear:sandstone" in pack "mod/silentgear"
[04Jul2026 18:23:46.346] [main/INFO] [Silent Gear/MaterialManager]: Decoding material "silentgear:sandstone/red" in pack "mod/silentgear"
[04Jul2026 18:23:46.346] [main/INFO] [Silent Gear/MaterialManager]: Decoding material "silentgear:sheet_metal" in pack "mod/silentgear"
[04Jul2026 18:23:46.347] [main/INFO] [Silent Gear/MaterialManager]: Decoding material "silentgear:signalum" in pack "mod/silentgear"
[04Jul2026 18:23:46.347] [main/INFO] [Silent Gear/MaterialManager]: Decoding material "silentgear:silver" in pack "mod/silentgear"
[04Jul2026 18:23:46.347] [main/INFO] [Silent Gear/MaterialManager]: Decoding material "silentgear:sinew" in pack "mod/silentgear"
[04Jul2026 18:23:46.347] [main/INFO] [Silent Gear/MaterialManager]: Decoding material "silentgear:slime" in pack "mod/silentgear"
[04Jul2026 18:23:46.348] [main/INFO] [Silent Gear/MaterialManager]: Decoding material "silentgear:steel" in pack "mod/silentgear"
[04Jul2026 18:23:46.348] [main/INFO] [Silent Gear/MaterialManager]: Decoding material "silentgear:stone" in pack "mod/silentgear"
[04Jul2026 18:23:46.348] [main/INFO] [Silent Gear/MaterialManager]: Decoding material "silentgear:stone/andesite" in pack "mod/silentgear"
[04Jul2026 18:23:46.348] [main/INFO] [Silent Gear/MaterialManager]: Decoding material "silentgear:stone/diorite" in pack "mod/silentgear"
[04Jul2026 18:23:46.349] [main/INFO] [Silent Gear/MaterialManager]: Decoding material "silentgear:stone/granite" in pack "mod/silentgear"
[04Jul2026 18:23:46.349] [main/INFO] [Silent Gear/MaterialManager]: Decoding material "silentgear:string" in pack "mod/silentgear"
[04Jul2026 18:23:46.349] [main/INFO] [Silent Gear/MaterialManager]: Decoding material "silentgear:super_alloy" in pack "mod/silentgear"
[04Jul2026 18:23:46.349] [main/INFO] [Silent Gear/MaterialManager]: Decoding material "silentgear:terracotta" in pack "mod/silentgear"
[04Jul2026 18:23:46.349] [main/INFO] [Silent Gear/MaterialManager]: Decoding material "silentgear:terracotta/black" in pack "mod/silentgear"
[04Jul2026 18:23:46.349] [main/INFO] [Silent Gear/MaterialManager]: Decoding material "silentgear:terracotta/blue" in pack "mod/silentgear"
[04Jul2026 18:23:46.349] [main/INFO] [Silent Gear/MaterialManager]: Decoding material "silentgear:terracotta/brown" in pack "mod/silentgear"
[04Jul2026 18:23:46.349] [main/INFO] [Silent Gear/MaterialManager]: Decoding material "silentgear:terracotta/cyan" in pack "mod/silentgear"
[04Jul2026 18:23:46.349] [main/INFO] [Silent Gear/MaterialManager]: Decoding material "silentgear:terracotta/gray" in pack "mod/silentgear"
[04Jul2026 18:23:46.350] [main/INFO] [Silent Gear/MaterialManager]: Decoding material "silentgear:terracotta/green" in pack "mod/silentgear"
[04Jul2026 18:23:46.350] [main/INFO] [Silent Gear/MaterialManager]: Decoding material "silentgear:terracotta/light_blue" in pack "mod/silentgear"
[04Jul2026 18:23:46.350] [main/INFO] [Silent Gear/MaterialManager]: Decoding material "silentgear:terracotta/light_gray" in pack "mod/silentgear"
[04Jul2026 18:23:46.350] [main/INFO] [Silent Gear/MaterialManager]: Decoding material "silentgear:terracotta/lime" in pack "mod/silentgear"
[04Jul2026 18:23:46.350] [main/INFO] [Silent Gear/MaterialManager]: Decoding material "silentgear:terracotta/magenta" in pack "mod/silentgear"
[04Jul2026 18:23:46.350] [main/INFO] [Silent Gear/MaterialManager]: Decoding material "silentgear:terracotta/orange" in pack "mod/silentgear"
[04Jul2026 18:23:46.350] [main/INFO] [Silent Gear/MaterialManager]: Decoding material "silentgear:terracotta/pink" in pack "mod/silentgear"
[04Jul2026 18:23:46.350] [main/INFO] [Silent Gear/MaterialManager]: Decoding material "silentgear:terracotta/purple" in pack "mod/silentgear"
[04Jul2026 18:23:46.350] [main/INFO] [Silent Gear/MaterialManager]: Decoding material "silentgear:terracotta/red" in pack "mod/silentgear"
[04Jul2026 18:23:46.350] [main/INFO] [Silent Gear/MaterialManager]: Decoding material "silentgear:terracotta/white" in pack "mod/silentgear"
[04Jul2026 18:23:46.350] [main/INFO] [Silent Gear/MaterialManager]: Decoding material "silentgear:terracotta/yellow" in pack "mod/silentgear"
[04Jul2026 18:23:46.350] [main/INFO] [Silent Gear/MaterialManager]: Decoding material "silentgear:tin" in pack "mod/silentgear"
[04Jul2026 18:23:46.350] [main/INFO] [Silent Gear/MaterialManager]: Decoding material "silentgear:titanium" in pack "mod/silentgear"
[04Jul2026 18:23:46.350] [main/INFO] [Silent Gear/MaterialManager]: Decoding material "silentgear:turtle" in pack "mod/silentgear"
[04Jul2026 18:23:46.350] [main/INFO] [Silent Gear/MaterialManager]: Decoding material "silentgear:tyrian_steel" in pack "mod/silentgear"
[04Jul2026 18:23:46.351] [main/INFO] [Silent Gear/MaterialManager]: Decoding material "silentgear:uranium" in pack "mod/silentgear"
[04Jul2026 18:23:46.351] [main/INFO] [Silent Gear/MaterialManager]: Decoding material "silentgear:vine" in pack "mod/silentgear"
[04Jul2026 18:23:46.351] [main/INFO] [Silent Gear/MaterialManager]: Decoding material "silentgear:wood" in pack "mod/silentgear"
[04Jul2026 18:23:46.352] [main/INFO] [Silent Gear/MaterialManager]: Decoding material "silentgear:wood/acacia" in pack "mod/silentgear"
[04Jul2026 18:23:46.352] [main/INFO] [Silent Gear/MaterialManager]: Decoding material "silentgear:wood/birch" in pack "mod/silentgear"
[04Jul2026 18:23:46.352] [main/INFO] [Silent Gear/MaterialManager]: Decoding material "silentgear:wood/crimson" in pack "mod/silentgear"
[04Jul2026 18:23:46.352] [main/INFO] [Silent Gear/MaterialManager]: Decoding material "silentgear:wood/dark_oak" in pack "mod/silentgear"
[04Jul2026 18:23:46.352] [main/INFO] [Silent Gear/MaterialManager]: Decoding material "silentgear:wood/jungle" in pack "mod/silentgear"
[04Jul2026 18:23:46.352] [main/INFO] [Silent Gear/MaterialManager]: Decoding material "silentgear:wood/oak" in pack "mod/silentgear"
[04Jul2026 18:23:46.352] [main/INFO] [Silent Gear/MaterialManager]: Decoding material "silentgear:wood/rough" in pack "mod/silentgear"
[04Jul2026 18:23:46.352] [main/INFO] [Silent Gear/MaterialManager]: Decoding material "silentgear:wood/spruce" in pack "mod/silentgear"
[04Jul2026 18:23:46.352] [main/INFO] [Silent Gear/MaterialManager]: Decoding material "silentgear:wood/warped" in pack "mod/silentgear"
[04Jul2026 18:23:46.352] [main/INFO] [Silent Gear/MaterialManager]: Decoding material "silentgear:wool" in pack "mod/silentgear"
[04Jul2026 18:23:46.352] [main/INFO] [Silent Gear/MaterialManager]: Decoding material "silentgear:wool/black" in pack "mod/silentgear"
[04Jul2026 18:23:46.352] [main/INFO] [Silent Gear/MaterialManager]: Decoding material "silentgear:wool/blue" in pack "mod/silentgear"
[04Jul2026 18:23:46.352] [main/INFO] [Silent Gear/MaterialManager]: Decoding material "silentgear:wool/brown" in pack "mod/silentgear"
[04Jul2026 18:23:46.352] [main/INFO] [Silent Gear/MaterialManager]: Decoding material "silentgear:wool/cyan" in pack "mod/silentgear"
[04Jul2026 18:23:46.352] [main/INFO] [Silent Gear/MaterialManager]: Decoding material "silentgear:wool/gray" in pack "mod/silentgear"
[04Jul2026 18:23:46.352] [main/INFO] [Silent Gear/MaterialManager]: Decoding material "silentgear:wool/green" in pack "mod/silentgear"
[04Jul2026 18:23:46.352] [main/INFO] [Silent Gear/MaterialManager]: Decoding material "silentgear:wool/light_blue" in pack "mod/silentgear"
[04Jul2026 18:23:46.352] [main/INFO] [Silent Gear/MaterialManager]: Decoding material "silentgear:wool/light_gray" in pack "mod/silentgear"
[04Jul2026 18:23:46.352] [main/INFO] [Silent Gear/MaterialManager]: Decoding material "silentgear:wool/lime" in pack "mod/silentgear"
[04Jul2026 18:23:46.352] [main/INFO] [Silent Gear/MaterialManager]: Decoding material "silentgear:wool/magenta" in pack "mod/silentgear"
[04Jul2026 18:23:46.352] [main/INFO] [Silent Gear/MaterialManager]: Decoding material "silentgear:wool/orange" in pack "mod/silentgear"
[04Jul2026 18:23:46.353] [main/INFO] [Silent Gear/MaterialManager]: Decoding material "silentgear:wool/pink" in pack "mod/silentgear"
[04Jul2026 18:23:46.353] [main/INFO] [Silent Gear/MaterialManager]: Decoding material "silentgear:wool/purple" in pack "mod/silentgear"
[04Jul2026 18:23:46.353] [main/INFO] [Silent Gear/MaterialManager]: Decoding material "silentgear:wool/red" in pack "mod/silentgear"
[04Jul2026 18:23:46.353] [main/INFO] [Silent Gear/MaterialManager]: Decoding material "silentgear:wool/white" in pack "mod/silentgear"
[04Jul2026 18:23:46.353] [main/INFO] [Silent Gear/MaterialManager]: Decoding material "silentgear:wool/yellow" in pack "mod/silentgear"
[04Jul2026 18:23:46.353] [main/INFO] [Silent Gear/MaterialManager]: Decoding material "silentgear:zinc" in pack "mod/silentgear"
[04Jul2026 18:23:46.353] [main/INFO] [Silent Gear/MaterialManager]: Decoded 132 materials
[04Jul2026 18:23:46.354] [main/INFO] [Silent Gear/PartManager]: Reloading part files
[04Jul2026 18:23:46.354] [main/INFO] [Silent Gear/PartManager]: Decoding part "silentgear:arrow_heads" in pack "mod/silentgear"
[04Jul2026 18:23:46.355] [main/INFO] [Silent Gear/PartManager]: Decoding part "silentgear:axe_head" in pack "mod/silentgear"
[04Jul2026 18:23:46.356] [main/INFO] [Silent Gear/PartManager]: Decoding part "silentgear:binding" in pack "mod/silentgear"
[04Jul2026 18:23:46.356] [main/INFO] [Silent Gear/PartManager]: Decoding part "silentgear:boot_plates" in pack "mod/silentgear"
[04Jul2026 18:23:46.356] [main/INFO] [Silent Gear/PartManager]: Decoding part "silentgear:bow_limbs" in pack "mod/silentgear"
[04Jul2026 18:23:46.356] [main/INFO] [Silent Gear/PartManager]: Decoding part "silentgear:bracelet_band" in pack "mod/silentgear"
[04Jul2026 18:23:46.356] [main/INFO] [Silent Gear/PartManager]: Decoding part "silentgear:chestplate_plates" in pack "mod/silentgear"
[04Jul2026 18:23:46.356] [main/INFO] [Silent Gear/PartManager]: Decoding part "silentgear:coating" in pack "mod/silentgear"
[04Jul2026 18:23:46.356] [main/INFO] [Silent Gear/PartManager]: Decoding part "silentgear:cord" in pack "mod/silentgear"
[04Jul2026 18:23:46.356] [main/INFO] [Silent Gear/PartManager]: Decoding part "silentgear:crossbow_limbs" in pack "mod/silentgear"
[04Jul2026 18:23:46.356] [main/INFO] [Silent Gear/PartManager]: Decoding part "silentgear:dagger_blade" in pack "mod/silentgear"
[04Jul2026 18:23:46.356] [main/INFO] [Silent Gear/PartManager]: Decoding part "silentgear:elytra_wings" in pack "mod/silentgear"
[04Jul2026 18:23:46.356] [main/INFO] [Silent Gear/PartManager]: Decoding part "silentgear:excavator_head" in pack "mod/silentgear"
[04Jul2026 18:23:46.357] [main/INFO] [Silent Gear/PartManager]: Decoding part "silentgear:fishing_reel_and_hook" in pack "mod/silentgear"
[04Jul2026 18:23:46.357] [main/INFO] [Silent Gear/PartManager]: Decoding part "silentgear:fletching" in pack "mod/silentgear"
[04Jul2026 18:23:46.357] [main/INFO] [Silent Gear/PartManager]: Decoding part "silentgear:grip" in pack "mod/silentgear"
[04Jul2026 18:23:46.357] [main/INFO] [Silent Gear/PartManager]: Decoding part "silentgear:hammer_head" in pack "mod/silentgear"
[04Jul2026 18:23:46.357] [main/INFO] [Silent Gear/PartManager]: Decoding part "silentgear:helmet_plates" in pack "mod/silentgear"
[04Jul2026 18:23:46.357] [main/INFO] [Silent Gear/PartManager]: Decoding part "silentgear:hoe_head" in pack "mod/silentgear"
[04Jul2026 18:23:46.357] [main/INFO] [Silent Gear/PartManager]: Decoding part "silentgear:katana_blade" in pack "mod/silentgear"
[04Jul2026 18:23:46.357] [main/INFO] [Silent Gear/PartManager]: Decoding part "silentgear:knife_blade" in pack "mod/silentgear"
[04Jul2026 18:23:46.357] [main/INFO] [Silent Gear/PartManager]: Decoding part "silentgear:legging_plates" in pack "mod/silentgear"
[04Jul2026 18:23:46.357] [main/INFO] [Silent Gear/PartManager]: Decoding part "silentgear:lining" in pack "mod/silentgear"
[04Jul2026 18:23:46.357] [main/INFO] [Silent Gear/PartManager]: Decoding part "silentgear:mace_core" in pack "mod/silentgear"
[04Jul2026 18:23:46.357] [main/INFO] [Silent Gear/PartManager]: Decoding part "silentgear:machete_blade" in pack "mod/silentgear"
[04Jul2026 18:23:46.357] [main/INFO] [Silent Gear/PartManager]: Decoding part "silentgear:magnetic_upgrade" in pack "mod/silentgear"
[04Jul2026 18:23:46.358] [main/INFO] [Silent Gear/PartManager]: Decoding part "silentgear:mattock_head" in pack "mod/silentgear"
[04Jul2026 18:23:46.358] [main/INFO] [Silent Gear/PartManager]: Decoding part "silentgear:necklace_chain" in pack "mod/silentgear"
[04Jul2026 18:23:46.358] [main/INFO] [Silent Gear/PartManager]: Decoding part "silentgear:paxel_head" in pack "mod/silentgear"
[04Jul2026 18:23:46.358] [main/INFO] [Silent Gear/PartManager]: Decoding part "silentgear:pickaxe_head" in pack "mod/silentgear"
[04Jul2026 18:23:46.358] [main/INFO] [Silent Gear/PartManager]: Decoding part "silentgear:prospector_hammer_head" in pack "mod/silentgear"
[04Jul2026 18:23:46.358] [main/INFO] [Silent Gear/PartManager]: Decoding part "silentgear:red_card_upgrade" in pack "mod/silentgear"
[04Jul2026 18:23:46.358] [main/INFO] [Silent Gear/PartManager]: Decoding part "silentgear:ring_shank" in pack "mod/silentgear"
[04Jul2026 18:23:46.358] [main/INFO] [Silent Gear/PartManager]: Decoding part "silentgear:road_maker_upgrade" in pack "mod/silentgear"
[04Jul2026 18:23:46.358] [main/INFO] [Silent Gear/PartManager]: Decoding part "silentgear:rod" in pack "mod/silentgear"
[04Jul2026 18:23:46.358] [main/INFO] [Silent Gear/PartManager]: Decoding part "silentgear:saw_blade" in pack "mod/silentgear"
[04Jul2026 18:23:46.358] [main/INFO] [Silent Gear/PartManager]: Decoding part "silentgear:setting" in pack "mod/silentgear"
[04Jul2026 18:23:46.358] [main/INFO] [Silent Gear/PartManager]: Decoding part "silentgear:shear_blades" in pack "mod/silentgear"
[04Jul2026 18:23:46.358] [main/INFO] [Silent Gear/PartManager]: Decoding part "silentgear:shield_plate" in pack "mod/silentgear"
[04Jul2026 18:23:46.358] [main/INFO] [Silent Gear/PartManager]: Decoding part "silentgear:shovel_head" in pack "mod/silentgear"
[04Jul2026 18:23:46.358] [main/INFO] [Silent Gear/PartManager]: Decoding part "silentgear:sickle_blade" in pack "mod/silentgear"
[04Jul2026 18:23:46.359] [main/INFO] [Silent Gear/PartManager]: Decoding part "silentgear:slingshot_limbs" in pack "mod/silentgear"
[04Jul2026 18:23:46.359] [main/INFO] [Silent Gear/PartManager]: Decoding part "silentgear:spear_tip" in pack "mod/silentgear"
[04Jul2026 18:23:46.359] [main/INFO] [Silent Gear/PartManager]: Decoding part "silentgear:spoon_upgrade" in pack "mod/silentgear"
[04Jul2026 18:23:46.359] [main/INFO] [Silent Gear/PartManager]: Decoding part "silentgear:sword_blade" in pack "mod/silentgear"
[04Jul2026 18:23:46.359] [main/INFO] [Silent Gear/PartManager]: Decoding part "silentgear:tip" in pack "mod/silentgear"
[04Jul2026 18:23:46.359] [main/INFO] [Silent Gear/PartManager]: Decoding part "silentgear:trident_prongs" in pack "mod/silentgear"
[04Jul2026 18:23:46.359] [main/INFO] [Silent Gear/PartManager]: Decoding part "silentgear:wide_plate_upgrade" in pack "mod/silentgear"
[04Jul2026 18:23:46.359] [main/INFO] [Silent Gear/PartManager]: Decoded 48 parts
[04Jul2026 18:23:46.365] [main/INFO] [Supplementaries/]: Loaded 28 flute songs
[04Jul2026 18:23:46.401] [main/INFO] [cobblenav/]: Loaded 17 biome platforms
[04Jul2026 18:23:46.457] [main/INFO] [com.cobblemon.mod.common.Cobblemon/]: Loaded 10 server scripts and 1 client scripts
[04Jul2026 18:23:48.926] [main/INFO] [com.cobblemon.mod.common.Cobblemon/]: Loaded 937 moves
[04Jul2026 18:23:48.995] [main/INFO] [com.cobblemon.mod.common.Cobblemon/]: Loaded 325 abilities
[04Jul2026 18:23:49.071] [main/INFO] [fightorflight/]: FOF tasks injected
[04Jul2026 18:23:49.101] [main/INFO] [com.cobblemon.mod.common.Cobblemon/]: Loaded 49 entity behaviours
[04Jul2026 18:23:49.512] [main/ERROR] [com.cobblemon.mod.common.Cobblemon/]: Unable to load entry from learnset: "totur:iciclespear"
[04Jul2026 18:23:49.517] [main/ERROR] [com.cobblemon.mod.common.Cobblemon/]: Unable to load entry from learnset: "tm:acientpower"
[04Jul2026 18:23:49.517] [main/ERROR] [com.cobblemon.mod.common.Cobblemon/]: Unable to load entry from learnset: "tutor:acientpower"
[04Jul2026 18:23:49.537] [main/INFO] [com.cobblemon.mod.common.Cobblemon/]: Finished additions
[04Jul2026 18:23:49.819] [cobblemon Datafixer Bootstrap/INFO] [com.mojang.datafixers.DataFixerBuilder/]: 4 Datafixer optimizations took 41 milliseconds
[04Jul2026 18:23:50.264] [main/INFO] [com.cobblemon.mod.common.Cobblemon/]: Loaded 1025 Pokémon species
[04Jul2026 18:23:50.297] [main/INFO] [com.cobblemon.mod.common.Cobblemon/]: Loaded 27 spawn detail presets.
[04Jul2026 18:23:50.321] [main/INFO] [com.cobblemon.mod.common.Cobblemon/]: Starting dummy Showdown battle to force it to pre-load data.
[04Jul2026 18:23:51.392] [main/INFO] [com.cobblemon.mod.common.Cobblemon/]: Imported 266 held item IDs from showdown
[04Jul2026 18:23:51.446] [main/INFO] [com.cobblemon.mod.common.Cobblemon/]: Loaded 15 fossils
[04Jul2026 18:23:51.526] [main/ERROR] [net.minecraft.Util/]: Invalid path in pack: cobblemon:dex_entry_additions/README.md, ignoring
[04Jul2026 18:23:51.540] [main/ERROR] [net.minecraft.Util/]: Invalid path in pack: cobblemon:dex_additions/README.md, ignoring
[04Jul2026 18:23:51.541] [main/ERROR] [com.cobblemon.mod.common.Cobblemon/]: Unable to apply dex addition cobblemon:mega_z as the sub-dex cobblemon:mega_z does not exist
[04Jul2026 18:23:51.554] [main/INFO] [com.cobblemon.mod.common.Cobblemon/]: Loaded 6 callbacks and 0 client callbacks
[04Jul2026 18:23:51.566] [main/INFO] [com.cobblemon.mod.common.Cobblemon/]: Loaded 168 marks
[04Jul2026 18:23:52.178] [main/INFO] [com.cobblemon.mod.common.Cobblemon/]: Loaded 70 berries
[04Jul2026 18:23:52.216] [main/INFO] [com.cobblemon.mod.common.Cobblemon/]: Loaded 137 Pokémon interaction sets
[04Jul2026 18:23:52.230] [main/INFO] [fightorflight/]: [FOF] 72 move data files processed.
[04Jul2026 18:23:52.237] [main/INFO] [hordes/]: Loaded entity minecraft:zombie as entity.minecraft.zombie with weight 35, min day 0 and max day 20
[04Jul2026 18:23:52.237] [main/INFO] [hordes/]: Loaded entity minecraft:zombie_villager as entity.minecraft.zombie_villager with weight 1, min day 0 and max day 20
[04Jul2026 18:23:52.237] [main/INFO] [hordes/]: Loaded entity minecraft:zombie_horse as entity.minecraft.zombie_horse with weight 3, min day 20 and max day 40
[04Jul2026 18:23:52.238] [main/INFO] [hordes/]: Loaded entity minecraft:husk as entity.minecraft.husk with weight 40, min day 20 and max day 40
[04Jul2026 18:23:52.239] [main/INFO] [hordes/]: Loaded entity minecraft:drowned as entity.minecraft.drowned with weight 3, min day 30 and max day 40
[04Jul2026 18:23:52.240] [main/INFO] [hordes/]: Loaded entity minecraft:zoglin as entity.minecraft.zoglin with weight 3, min day 40 and max day 40
[04Jul2026 18:23:52.240] [main/INFO] [hordes/]: Loaded entity minecraft:zombified_piglin as entity.minecraft.zombified_piglin with weight 10, min day 40 and max day 0
[04Jul2026 18:23:52.240] [main/INFO] [hordes/]: Loaded entity minecraft:husk as entity.minecraft.husk with weight 25, min day 50 and max day 0
[04Jul2026 18:23:52.241] [main/INFO] [hordes/]: Loaded entity minecraft:zoglin as entity.minecraft.zoglin with weight 3, min day 50 and max day 0
[04Jul2026 18:23:52.241] [main/INFO] [hordes/]: Loaded entity minecraft:zombie_horse as entity.minecraft.zombie_horse with weight 3, min day 50 and max day 0
[04Jul2026 18:23:52.241] [main/INFO] [hordes/]: loaded horde table hordes:default
[04Jul2026 18:23:52.242] [main/INFO] [hordes/]: Loaded entity minecraft:drowned as entity.minecraft.drowned with weight 40, min day 0 and max day 20
[04Jul2026 18:23:52.242] [main/INFO] [hordes/]: Loaded entity minecraft:drowned as entity.minecraft.drowned with weight 3, min day 30 and max day 40
[04Jul2026 18:23:52.242] [main/INFO] [hordes/]: loaded horde table hordes:drowned
[04Jul2026 18:23:52.243] [main/INFO] [hordes/]: Loaded entity minecraft:zombie as entity.minecraft.zombie with weight 20, min day 0 and max day 20
[04Jul2026 18:23:52.243] [main/INFO] [hordes/]: Loaded entity minecraft:skeleton as entity.minecraft.skeleton with weight 10, min day 20 and max day 30
[04Jul2026 18:23:52.243] [main/INFO] [hordes/]: Loaded entity minecraft:spider as entity.minecraft.spider with weight 15, min day 20 and max day 30
[04Jul2026 18:23:52.244] [main/INFO] [hordes/]: Loaded entity minecraft:creeper as entity.minecraft.creeper with weight 5, min day 30 and max day 30
[04Jul2026 18:23:52.244] [main/INFO] [hordes/]: Loaded entity minecraft:husk as entity.minecraft.husk with weight 20, min day 30 and max day 50
[04Jul2026 18:23:52.244] [main/INFO] [hordes/]: Loaded entity minecraft:stray as entity.minecraft.stray with weight 10, min day 40 and max day 50
[04Jul2026 18:23:52.244] [main/INFO] [hordes/]: Loaded entity minecraft:bogged as entity.minecraft.bogged with weight 5, min day 40 and max day 50
[04Jul2026 18:23:52.244] [main/INFO] [hordes/]: Loaded entity minecraft:cave_spider as entity.minecraft.cave_spider with weight 10, min day 40 and max day 50
[04Jul2026 18:23:52.245] [main/INFO] [hordes/]: Loaded entity minecraft:witch as entity.minecraft.witch with weight 5, min day 40 and max day 50
[04Jul2026 18:23:52.245] [main/INFO] [hordes/]: Loaded entity minecraft:pillager as entity.minecraft.pillager with weight 10, min day 40 and max day 50
[04Jul2026 18:23:52.245] [main/INFO] [hordes/]: Loaded entity minecraft:zombified_piglin as entity.minecraft.zombified_piglin with weight 10, min day 40 and max day 50
[04Jul2026 18:23:52.246] [main/INFO] [hordes/]: Loaded entity minecraft:zombie_horse as entity.minecraft.zombie_horse with weight 3, min day 40 and max day 50
[04Jul2026 18:23:52.246] [main/INFO] [hordes/]: Loaded entity minecraft:wither_skeleton as entity.minecraft.wither_skeleton with weight 10, min day 50 and max day 0
[04Jul2026 18:23:52.246] [main/INFO] [hordes/]: Loaded entity minecraft:phantom as entity.minecraft.phantom with weight 5, min day 50 and max day 50
[04Jul2026 18:23:52.246] [main/INFO] [hordes/]: Loaded entity minecraft:vindicator as entity.minecraft.vindicator with weight 10, min day 50 and max day 50
[04Jul2026 18:23:52.247] [main/INFO] [hordes/]: Loaded entity minecraft:zoglin as entity.minecraft.zoglin with weight 5, min day 40 and max day 40
[04Jul2026 18:23:52.247] [main/INFO] [hordes/]: Loaded entity minecraft:ravager as entity.minecraft.ravager with weight 5, min day 50 and max day 50
[04Jul2026 18:23:52.247] [main/INFO] [hordes/]: Loaded entity minecraft:evoker as entity.minecraft.evoker with weight 5, min day 50 and max day 50
[04Jul2026 18:23:52.247] [main/INFO] [hordes/]: Loaded entity minecraft:piglin_brute as entity.minecraft.piglin_brute with weight 10, min day 60 and max day 0
[04Jul2026 18:23:52.247] [main/INFO] [hordes/]: Loaded entity minecraft:skeleton_horse as entity.minecraft.skeleton_horse with weight 10, min day 60 and max day 0
[04Jul2026 18:23:52.248] [main/INFO] [hordes/]: Loaded entity minecraft:cave_spider as entity.minecraft.cave_spider with weight 10, min day 60 and max day 0
[04Jul2026 18:23:52.248] [main/INFO] [hordes/]: Loaded entity minecraft:zombie_horse as entity.minecraft.zombie_horse with weight 5, min day 60 and max day 0
[04Jul2026 18:23:52.248] [main/INFO] [hordes/]: Loaded entity minecraft:ravager as entity.minecraft.ravager with weight 3, min day 60 and max day 0
[04Jul2026 18:23:52.249] [main/INFO] [hordes/]: Loaded entity minecraft:phantom as entity.minecraft.phantom with weight 3, min day 60 and max day 0
[04Jul2026 18:23:52.249] [main/INFO] [hordes/]: loaded horde table hordes:mixed_mobs
[04Jul2026 18:23:52.249] [main/INFO] [hordes/]: Loaded entity minecraft:pillager as entity.minecraft.pillager with weight 15, min day 0 and max day 0
[04Jul2026 18:23:52.250] [main/INFO] [hordes/]: Loaded entity minecraft:vindicator as entity.minecraft.vindicator with weight 10, min day 0 and max day 0
[04Jul2026 18:23:52.250] [main/INFO] [hordes/]: Loaded entity minecraft:witch as entity.minecraft.witch with weight 5, min day 20 and max day 0
[04Jul2026 18:23:52.250] [main/INFO] [hordes/]: Loaded entity minecraft:ravager as entity.minecraft.ravager with weight 5, min day 30 and max day 40
[04Jul2026 18:23:52.251] [main/INFO] [hordes/]: Loaded entity minecraft:evoker as entity.minecraft.evoker with weight 3, min day 40 and max day 40
[04Jul2026 18:23:52.251] [main/INFO] [hordes/]: Loaded entity minecraft:illusioner as entity.minecraft.illusioner with weight 5, min day 50 and max day 0
[04Jul2026 18:23:52.251] [main/INFO] [hordes/]: Loaded entity minecraft:ravager as entity.minecraft.ravager with weight 3, min day 50 and max day 0
[04Jul2026 18:23:52.251] [main/INFO] [hordes/]: Loaded entity minecraft:ravager as entity.minecraft.ravager with weight 5, min day 50 and max day 0
[04Jul2026 18:23:52.252] [main/INFO] [hordes/]: loaded horde table hordes:illagers
[04Jul2026 18:23:52.252] [main/INFO] [hordes/]: Loaded entity minecraft:skeleton as entity.minecraft.skeleton with weight 10, min day 0 and max day 20
[04Jul2026 18:23:52.252] [main/INFO] [hordes/]: Loaded entity minecraft:skeleton as entity.minecraft.skeleton with weight 20, min day 0 and max day 30
[04Jul2026 18:23:52.252] [main/INFO] [hordes/]: Loaded entity minecraft:skeleton_horse as entity.minecraft.skeleton_horse with weight 5, min day 20 and max day 50
[04Jul2026 18:23:52.253] [main/INFO] [hordes/]: Loaded entity minecraft:stray as entity.minecraft.stray with weight 8, min day 20 and max day 0
[04Jul2026 18:23:52.253] [main/INFO] [hordes/]: Loaded entity minecraft:bogged as entity.minecraft.bogged with weight 2, min day 20 and max day 0
[04Jul2026 18:23:52.253] [main/INFO] [hordes/]: Loaded entity minecraft:wither_skeleton as entity.minecraft.wither_skeleton with weight 10, min day 40 and max day 0
[04Jul2026 18:23:52.253] [main/INFO] [hordes/]: Loaded entity minecraft:skeleton_horse as entity.minecraft.skeleton_horse with weight 3, min day 40 and max day 0
[04Jul2026 18:23:52.254] [main/INFO] [hordes/]: Loaded entity minecraft:skeleton_horse as entity.minecraft.skeleton_horse with weight 2, min day 40 and max day 0
[04Jul2026 18:23:52.254] [main/INFO] [hordes/]: loaded horde table hordes:skeletons
[04Jul2026 18:23:52.254] [main/INFO] [hordes/]: Loaded entity minecraft:zombie as entity.minecraft.zombie with weight 30, min day 0 and max day 0
[04Jul2026 18:23:52.254] [main/INFO] [hordes/]: loaded horde table hordes:fallback
[04Jul2026 18:23:52.260] [main/INFO] [hordes/]: loaded horde script hordes:default
[04Jul2026 18:23:52.261] [main/INFO] [hordes/]: Loading conversion tables
[04Jul2026 18:23:52.261] [main/INFO] [hordes/]: Loading conversion table hordes:infection_conversions
[04Jul2026 18:23:52.264] [main/INFO] [hordes/]: Loaded conversion entity.minecraft.villager to entity.minecraft.zombie_villager with an infection resistance of 0.15
[04Jul2026 18:23:52.264] [main/INFO] [hordes/]: Loaded conversion entity.minecraft.horse to entity.minecraft.zombie_horse with an infection resistance of 0.35
[04Jul2026 18:23:52.264] [main/INFO] [hordes/]: Loaded conversion entity.minecraft.piglin to entity.minecraft.zombified_piglin with an infection resistance of 0.15
[04Jul2026 18:23:52.267] [main/INFO] [hordes/]: Loaded conversion entity.minecraft.piglin_brute to entity.minecraft.zombified_piglin{Attributes:[{Base:50.0f,Name:"generic.max_health"}],chat_name:"entity.hordes.ZombifiedPiglinBrute.name",texture:"hordes:textures/entity/zombified_piglin_brute.png"} with an infection resistance of 0.65
[04Jul2026 18:23:52.268] [main/INFO] [hordes/]: Loaded conversion entity.minecraft.hoglin to entity.minecraft.zoglin with an infection resistance of 0.85
[04Jul2026 18:23:52.268] [main/INFO] [hordes/]: Loaded conversion entity.minecraft.wandering_trader to entity.minecraft.zombie_villager{VillagerData:{type:"none"},chat_name:"entity.hordes.ZombieWanderingTrader.name",texture:"hordes:textures/entity/zombie_wandering_trader.png"} with an infection resistance of 0.15
[04Jul2026 18:23:52.268] [main/INFO] [hordes/]: Loaded conversion entity.minecraft.pillager to entity.minecraft.zombie_villager{Attributes:[{Base:24.0f,Name:"generic.max_health"}],VillagerData:{type:"none"},chat_name:"entity.hordes.ZombiePillager.name",texture:"hordes:textures/entity/zombie_pillager.png"} with an infection resistance of 0.15
[04Jul2026 18:23:52.268] [main/INFO] [hordes/]: Loaded conversion entity.minecraft.vindicator to entity.minecraft.zombie_villager{Attributes:[{Base:24.0f,Name:"generic.max_health"}],VillagerData:{type:"none"},chat_name:"entity.hordes.ZombieVindicator.name",texture:"hordes:textures/entity/zombie_vindicator.png"} with an infection resistance of 0.65
[04Jul2026 18:23:52.268] [main/INFO] [hordes/]: Loaded conversion entity.minecraft.evoker to entity.minecraft.zombie_villager{Attributes:[{Base:24.0f,Name:"generic.max_health"}],VillagerData:{type:"none"},chat_name:"entity.hordes.ZombieEvoker.name",texture:"hordes:textures/entity/zombie_evoker.png"} with an infection resistance of 0.5
[04Jul2026 18:23:52.268] [main/INFO] [hordes/]: Loaded conversion entity.minecraft.illusioner to entity.minecraft.zombie_villager{Attributes:[{Base:32.0f,Name:"generic.max_health"}],VillagerData:{type:"none"},chat_name:"entity.hordes.ZombieIllusioner.name",texture:"hordes:textures/entity/zombie_illusioner.png"} with an infection resistance of 0.6
[04Jul2026 18:23:52.269] [main/INFO] [hordes/]: Loaded conversion entity.minecraft.witch to entity.minecraft.zombie_villager{Attributes:[{Base:26.0f,Name:"generic.max_health"}],VillagerData:{type:"none"},chat_name:"entity.hordes.ZombieWitch.name",texture:"hordes:textures/entity/zombie_witch.png"} with an infection resistance of 0.7
[04Jul2026 18:23:52.269] [main/INFO] [hordes/]: Loading immunity item list
[04Jul2026 18:23:52.269] [main/INFO] [hordes/]: Loading immunity item list hordes:immunity_items
[04Jul2026 18:23:52.269] [main/INFO] [hordes/]: Loaded immunity item minecraft:enchanted_golden_apple with duration 150
[04Jul2026 18:23:52.270] [main/INFO] [hordes/]: Loading wearables protection list
[04Jul2026 18:23:52.270] [main/INFO] [hordes/]: Loading wearables protection list hordes:wearables_protection
[04Jul2026 18:23:52.271] [main/INFO] [hordes/]: Loaded wearable protection minecraft:leather_boots with modifier 0.05
[04Jul2026 18:23:52.271] [main/INFO] [hordes/]: Loaded wearable protection minecraft:leather_leggings with modifier 0.05
[04Jul2026 18:23:52.271] [main/INFO] [hordes/]: Loaded wearable protection minecraft:leather_chestplate with modifier 0.05
[04Jul2026 18:23:52.271] [main/INFO] [hordes/]: Loaded wearable protection minecraft:leather_helmet with modifier 0.05
[04Jul2026 18:23:52.271] [main/INFO] [hordes/]: Loaded wearable protection minecraft:chainmail_boots with modifier 0.05
[04Jul2026 18:23:52.272] [main/INFO] [hordes/]: Loaded wearable protection minecraft:chainmail_leggings with modifier 0.05
[04Jul2026 18:23:52.274] [main/INFO] [hordes/]: Loaded wearable protection minecraft:chainmail_chestplate with modifier 0.05
[04Jul2026 18:23:52.274] [main/INFO] [hordes/]: Loaded wearable protection minecraft:chainmail_helmet with modifier 0.05
[04Jul2026 18:23:52.274] [main/INFO] [hordes/]: Loaded wearable protection minecraft:iron_boots with modifier 0.1
[04Jul2026 18:23:52.275] [main/INFO] [hordes/]: Loaded wearable protection minecraft:iron_leggings with modifier 0.1
[04Jul2026 18:23:52.275] [main/INFO] [hordes/]: Loaded wearable protection minecraft:iron_chestplate with modifier 0.1
[04Jul2026 18:23:52.275] [main/INFO] [hordes/]: Loaded wearable protection minecraft:iron_helmet with modifier 0.1
[04Jul2026 18:23:52.276] [main/INFO] [hordes/]: Loaded wearable protection minecraft:golden_boots with modifier 0.1
[04Jul2026 18:23:52.276] [main/INFO] [hordes/]: Loaded wearable protection minecraft:golden_leggings with modifier 0.1
[04Jul2026 18:23:52.276] [main/INFO] [hordes/]: Loaded wearable protection minecraft:golden_chestplate with modifier 0.1
[04Jul2026 18:23:52.276] [main/INFO] [hordes/]: Loaded wearable protection minecraft:golden_helmet with modifier 0.1
[04Jul2026 18:23:52.277] [main/INFO] [hordes/]: Loaded wearable protection minecraft:diamond_boots with modifier 0.15
[04Jul2026 18:23:52.277] [main/INFO] [hordes/]: Loaded wearable protection minecraft:diamond_leggings with modifier 0.15
[04Jul2026 18:23:52.277] [main/INFO] [hordes/]: Loaded wearable protection minecraft:diamond_chestplate with modifier 0.15
[04Jul2026 18:23:52.277] [main/INFO] [hordes/]: Loaded wearable protection minecraft:diamond_helmet with modifier 0.15
[04Jul2026 18:23:52.277] [main/INFO] [hordes/]: Loaded wearable protection minecraft:netherite_boots with modifier 0.2
[04Jul2026 18:23:52.277] [main/INFO] [hordes/]: Loaded wearable protection minecraft:netherite_leggings with modifier 0.2
[04Jul2026 18:23:52.277] [main/INFO] [hordes/]: Loaded wearable protection minecraft:netherite_chestplate with modifier 0.2
[04Jul2026 18:23:52.278] [main/INFO] [hordes/]: Loaded wearable protection minecraft:netherite_helmet with modifier 0.2
[04Jul2026 18:23:52.278] [main/INFO] [hordes/]: Loaded wearable protection minecraft:turtle_helmet with modifier 0.2
[04Jul2026 18:23:52.278] [main/INFO] [hordes/]: Loaded wearable protection minecraft:leather_horse_armor with modifier 0.3
[04Jul2026 18:23:52.278] [main/INFO] [hordes/]: Loaded wearable protection minecraft:iron_horse_armor with modifier 0.4
[04Jul2026 18:23:52.278] [main/INFO] [hordes/]: Loaded wearable protection minecraft:golden_horse_armor with modifier 0.4
[04Jul2026 18:23:52.279] [main/INFO] [hordes/]: Loaded wearable protection minecraft:diamond_horse_armor with modifier 0.5
[04Jul2026 18:23:52.279] [main/INFO] [hordes/]: Loaded wearable protection minecraft:wolf_armor with modifier 0.5
[04Jul2026 18:23:52.279] [main/INFO] [hordes/]: Loading entity infection chances.
[04Jul2026 18:23:52.280] [main/INFO] [hordes/]: Loading entity infection list hordes:infection_entities
[04Jul2026 18:23:52.280] [main/INFO] [hordes/]: Loaded infection entity minecraft:zombie with infect chance 0.75
[04Jul2026 18:23:52.280] [main/INFO] [hordes/]: Loaded infection entity minecraft:zombie_villager with infect chance 0.75
[04Jul2026 18:23:52.281] [main/INFO] [hordes/]: Loaded infection entity minecraft:husk with infect chance 0.8
[04Jul2026 18:23:52.281] [main/INFO] [hordes/]: Loaded infection entity minecraft:drowned with infect chance 0.7
[04Jul2026 18:23:52.281] [main/INFO] [hordes/]: Loaded infection entity minecraft:zombie_horse with infect chance 0.7
[04Jul2026 18:23:52.282] [main/INFO] [hordes/]: Loaded infection entity minecraft:zombified_piglin with infect chance 0.7
[04Jul2026 18:23:52.282] [main/INFO] [hordes/]: Loaded infection entity minecraft:zoglin with infect chance 0.5
[04Jul2026 18:23:52.282] [main/INFO] [hordes/]: Loaded infection entity hordes:zombie_player with infect chance 0.75
[04Jul2026 18:23:52.283] [main/INFO] [hordes/]: Loaded infection entity hordes:husk_player with infect chance 0.8
[04Jul2026 18:23:52.283] [main/INFO] [hordes/]: Loaded infection entity hordes:drowned_player with infect chance 0.7
[04Jul2026 18:23:52.301] [main/WARN] [net.minecraft.core.MappedRegistry/]: Not all defined tags for registry ResourceKey[minecraft:root / minecraft:item] are present in data pack: cobblemon:mint_leaf, mega_showdown:rotom_appliances
[04Jul2026 18:23:58.549] [main/INFO] [evilcraft/]: 19 Broom modifiers can be applied!
[04Jul2026 18:23:58.559] [main/INFO] [Supplementaries/]: Registering custom dispenser behaviors
[04Jul2026 18:23:58.734] [main/INFO] [wover-generator/]: Updating Pickers for WoVer - Nether BiomeSource (11abab38)
[04Jul2026 18:23:58.740] [main/INFO] [wover-generator/]: Created WoverChunkGenerator with org.betterx.wover.generator.impl.biomesource.nether.WoverNetherBiomeSource
[04Jul2026 18:23:58.741] [main/INFO] [wover-generator/]: Updating Pickers for WoVer - The End  BiomeSource (4becdd46)
[04Jul2026 18:23:58.742] [main/INFO] [wover-generator/]: Created WoverChunkGenerator with org.betterx.wover.generator.impl.biomesource.end.WoverEndBiomeSource
[04Jul2026 18:23:58.755] [main/INFO] [wover-generator/]: Added 4 biomes to wover:is_end/highland in 7.556 ms
[04Jul2026 18:23:58.755] [main/INFO] [wover-generator/]: Updating Pickers for WoVer - The End  BiomeSource (4becdd46)
[04Jul2026 18:23:58.757] [main/INFO] [wover-generator/]: Updating Pickers for WoVer - The End  BiomeSource (36360d08)
[04Jul2026 18:23:58.758] [main/INFO] [wover-generator/]: Updating Pickers for WoVer - The End  BiomeSource (36360d08)
[04Jul2026 18:23:58.759] [main/INFO] [wover-generator/]: Updating Pickers for WoVer - Nether BiomeSource (11abab38)
[04Jul2026 18:23:58.760] [main/INFO] [wover-generator/]: Updating Pickers for WoVer - Nether BiomeSource (13d08af0)
[04Jul2026 18:23:58.761] [main/INFO] [wover-generator/]: Updating Pickers for WoVer - Nether BiomeSource (13d08af0)
[04Jul2026 18:23:59.021] [main/INFO] [wover-biome/]: Applied 0 biome modifications and added 0 tags to 0 of 236 biomes in 3.361 ms
[04Jul2026 18:23:59.041] [Server thread/INFO] [net.minecraft.server.dedicated.DedicatedServer/]: Starting minecraft server version 1.21.1
[04Jul2026 18:23:59.041] [Server thread/INFO] [net.minecraft.server.dedicated.DedicatedServer/]: Loading properties
[04Jul2026 18:23:59.041] [Server thread/INFO] [net.minecraft.server.dedicated.DedicatedServer/]: Default game type: SURVIVAL
[04Jul2026 18:23:59.041] [Server thread/INFO] [net.minecraft.server.MinecraftServer/]: Generating keypair
[04Jul2026 18:23:59.089] [Server thread/INFO] [net.minecraft.server.dedicated.DedicatedServer/]: Starting Minecraft server on *:25565
[04Jul2026 18:23:59.195] [Server thread/INFO] [net.minecraft.server.network.ServerConnectionListener/]: Using default channel type
[04Jul2026 18:23:59.261] [Server thread/WARN] [net.minecraft.server.dedicated.DedicatedServer/]: **** SERVER IS RUNNING IN OFFLINE/INSECURE MODE!
[04Jul2026 18:23:59.261] [Server thread/WARN] [net.minecraft.server.dedicated.DedicatedServer/]: The server will make no attempt to authenticate usernames. Beware.
[04Jul2026 18:23:59.261] [Server thread/WARN] [net.minecraft.server.dedicated.DedicatedServer/]: While this makes the game possible to play without internet access, it also opens up the ability for hackers to connect with any username they choose.
[04Jul2026 18:23:59.261] [Server thread/WARN] [net.minecraft.server.dedicated.DedicatedServer/]: To change this, set "online-mode" to "true" in the server.properties file.
[04Jul2026 18:23:59.572] [Server thread/INFO] [Minecraft/]: This server is running Arclight version arclight-1.21.1-1.0.2-SNAPSHOT-0769551 (MC: 1.21.1) (Implementing API version 1.21.1-R0.1-SNAPSHOT)
[04Jul2026 18:24:00.426] [Server thread/INFO] [Minecraft/]: *** This version of Spigot contains changes to some enums. If you notice that plugins no longer work after updating, please report this to the developers of those plugins first. ***
[04Jul2026 18:24:00.426] [Server thread/INFO] [Minecraft/]: *** If you cannot update those plugins, you can try setting `settings.compatibility.enum-compatibility-mode` to `true` in `bukkit.yml`. ***
[04Jul2026 18:24:00.577] [Server thread/INFO] [Arclight/]: Registering for Bukkit ...
[04Jul2026 18:24:00.793] [Server thread/INFO] [Arclight/]: Registered 13985 new materials with 8707 blocks and 5278 items
[04Jul2026 18:24:00.999] [Server thread/INFO] [Arclight/]: Registered 839 new entity types
[04Jul2026 18:24:01.002] [Server thread/INFO] [Arclight/]: Registered 172 new biomes
[04Jul2026 18:24:01.080] [Server thread/INFO] [STDOUT/]: Server Ping Player Sample Count: 12
[04Jul2026 18:24:01.083] [Server thread/INFO] [Minecraft/]: Using 4 threads for Netty based IO
[04Jul2026 18:24:01.084] [Server thread/INFO] [Minecraft/]: Debug logging is enabled
[04Jul2026 18:24:01.089] [Spigot Watchdog Thread/INFO] [Arclight/]: Started pseudo Spigot watchdog thread.
[04Jul2026 18:24:02.238] [Server thread/INFO] [Arclight/]: Loading mappings ...
[04Jul2026 18:24:03.221] [Server thread/INFO] [Arclight/]: Loading plugin patchers ...
[04Jul2026 18:24:03.938] [Server thread/INFO] [Minecraft/]: [PlugManX] Loading 3 libraries... please wait
[04Jul2026 18:24:04.211] [Server thread/INFO] [Minecraft/]: [PlugManX] Loaded library C:\Users\buceda\Documents\GitHub\plomeros\plomeros-mc\libraries\com\fasterxml\jackson\core\jackson-databind\2.13.5\jackson-databind-2.13.5.jar
[04Jul2026 18:24:04.211] [Server thread/INFO] [Minecraft/]: [PlugManX] Loaded library C:\Users\buceda\Documents\GitHub\plomeros\plomeros-mc\libraries\com\fasterxml\jackson\core\jackson-core\2.13.5\jackson-core-2.13.5.jar
[04Jul2026 18:24:04.211] [Server thread/INFO] [Minecraft/]: [PlugManX] Loaded library C:\Users\buceda\Documents\GitHub\plomeros\plomeros-mc\libraries\com\fasterxml\jackson\core\jackson-annotations\2.13.5\jackson-annotations-2.13.5.jar
[04Jul2026 18:24:04.250] [Server thread/INFO] [SkinsRestorer/]: Loading SkinsRestorer v15.12.4
[04Jul2026 18:24:04.250] [Server thread/INFO] [Essentials/]: Loading Essentials v2.22.0
[04Jul2026 18:24:04.250] [Server thread/INFO] [ConsoleSpamFix/]: Loading ConsoleSpamFix v1.10.0
[04Jul2026 18:24:04.251] [Server thread/INFO] [EssentialsSpawn/]: Loading EssentialsSpawn v2.22.0
[04Jul2026 18:24:04.251] [Server thread/INFO] [EssentialsChat/]: Loading EssentialsChat v2.22.0
[04Jul2026 18:24:04.255] [Server thread/INFO] [Minecraft/]: [CoreLogging] Loading Multiverse-Core v5.4.0
[04Jul2026 18:24:04.258] [Server thread/INFO] [PlugManX/]: Loading PlugManX v3.0.2
[04Jul2026 18:24:04.261] [Server thread/INFO] [SkinsRestorer/]: Enabling SkinsRestorer v15.12.4
[04Jul2026 18:24:09.674] [Server thread/INFO] [Console/]: [33;1m[[32;22mSkinsRestorer[33;1m] [0;39m[32;1mRunning on Minecraft [33;1m1.21.1[32;1m.[0;39m
[04Jul2026 18:24:10.645] [Server thread/INFO] [ConsoleSpamFix/]: Enabling ConsoleSpamFix v1.10.0
[04Jul2026 18:24:10.645] [Server thread/INFO] [ConsoleSpamFix/]: Server version detected: 1.21.1
[04Jul2026 18:24:10.646] [Server thread/INFO] [ConsoleSpamFix/]: Loading the config file...
[04Jul2026 18:24:10.657] [Server thread/INFO] [ConsoleSpamFix/]: Config file loaded!
[04Jul2026 18:24:10.658] [Server thread/INFO] [ConsoleSpamFix/]: ConsoleSpamFix loaded successfully!
[04Jul2026 18:24:10.659] [Server thread/INFO] [PlugManX/]: Enabling PlugManX v3.0.2
[04Jul2026 18:24:12.595] [Server thread/INFO] [net.petemc.undeadnights.UndeadNights/]: Loading undeadnights server config
[04Jul2026 18:24:12.707] [Server thread/WARN] [net.neoforged.neoforge.server.ServerLifecycleHooks/]: Detected minecraft:axolotl that was registered with AXOLOTLS mob category but was added under UNDERGROUND_WATER_CREATURE mob category for terralith:alpha_islands biome! Mobs should be added to biomes under the same mob category that the mob was registered as to prevent mob cap spawning issues.
[04Jul2026 18:24:12.752] [Server thread/WARN] [net.neoforged.neoforge.server.ServerLifecycleHooks/]: Detected minecraft:axolotl that was registered with AXOLOTLS mob category but was added under UNDERGROUND_WATER_CREATURE mob category for terralith:fractured_savanna biome! Mobs should be added to biomes under the same mob category that the mob was registered as to prevent mob cap spawning issues.
[04Jul2026 18:24:12.854] [Server thread/INFO] [cobblenav/]: Registered 8 collectors and 4 block collectors
[04Jul2026 18:24:12.874] [Server thread/INFO] [net.minecraft.server.dedicated.DedicatedServer/]: Preparing level "world"
[04Jul2026 18:24:12.925] [Server thread/INFO] [wover-generator/]: World Dimensions: 
 - minecraft:the_end: 
     WoVer - Chunk Generator (229a78cc)
         preset     = wover:normal
         noise      = minecraft:end
         features   = minecraft(5), tide(1), repurposed_structures(1), gobber2(2), betterend(127), undead_revamp2(5), alltheores(17), silentgear(1), cobblemon(4)
     WoVer - The End  BiomeSource (36360d08)
         biomes     = 24
         namespaces = betterend(19), minecraft(5)
         seed       = 7648667688476569827
         height     = 128
         deciders   = 0
         config     = EndConfig{mapVersion=hex, generatorVersion=vanilla, withVoidBiomes=true, innerVoidRadius=1024, voidBiomesSize=16, centerBiomesSize=16, landBiomesSize=16, barrensBiomesSize=16}
 - mahoutsukai:reality_marble: 
     NoiseBasedChunkGenerator (4ead21c6)
         preset     = none
         noise      = custom
         features   = undead_revamp2(5), cobblemon(4)
     FixedBiomeSource (35e21d0f)
         biomes     = 1
         namespaces = mahoutsukai(1)
 - arphex:the_crawling: 
     NoiseBasedChunkGenerator (13bf2e4)
         preset     = none
         noise      = custom
         features   = minecraft(12), undead_revamp2(5), arphex(77), cobblemon(4)
     MultiNoiseBiomeSource (3ae8e039)
         biomes     = 5
         namespaces = arphex(5)
 - twilightforest:twilight_forest: 
     NoiseBasedChunkGenerator (169f3adb)
         preset     = none
         noise      = twilightforest:twilight_noise_gen
         features   = minecraft(26), twilightforest(102), undead_revamp2(5), cobblemon(4)
     TFBiomeProvider (5449327d)
         biomes     = 22
         namespaces = twilightforest(22)
 - minecraft:the_nether: 
     WoVer - Chunk Generator (62817288)
         preset     = wover:normal
         noise      = minecraft:nether
         features   = minecraft(37), evilcraft(1), repurposed_structures(2), gobber2(2), betternether(94), supplementaries(1), undead_revamp2(5), alltheores(17), cobblemon(5), silentgear(1)
     WoVer - Nether BiomeSource (13d08af0)
         biomes     = 27
         namespaces = betternether(22), minecraft(5)
         seed       = 7648667688476569827
         height     = 128
         config     = NetherConfig{mapVersion=hex, useVerticalBiomes=true, biomeSize=16, biomeSizeVertical=5}
 - minecraft:overworld: 
     NoiseBasedChunkGenerator (4d337e85)
         preset     = wover:normal
         noise      = minecraft:overworld
         features   = minecraft(153), evilcraft(4), repurposed_structures(20), gobber2(2), tombstone(1), modern_industrialization(20), superbwarfare(6), silentgear(3), terralith(385), born_in_chaos_v1(5), jurassicrevived(5), supplementaries(4), undead_revamp2(27), alltheores(17), mega_showdown(1), cobblemon(51)
     MultiNoiseBiomeSource (541ebac2)
         biomes     = 148
         namespaces = minecraft(53), terralith(95)
 - arphex:the_webrooms: 
     NoiseBasedChunkGenerator (69b0a7a4)
         preset     = none
         noise      = custom
         features   = minecraft(1), repurposed_structures(1), gobber2(2), undead_revamp2(5), alltheores(17), silentgear(1), cobblemon(4)
     MultiNoiseBiomeSource (5fe26076)
         biomes     = 1
         namespaces = minecraft(1)
[04Jul2026 18:24:12.960] [Server thread/INFO] [Arclight/]: Registered 4 new dimensions
[04Jul2026 18:24:13.463] [Server thread/INFO] [Minecraft/]: -------- World Settings For [world] --------
[04Jul2026 18:24:13.463] [Server thread/INFO] [Minecraft/]: View Distance: 16
[04Jul2026 18:24:13.463] [Server thread/INFO] [Minecraft/]: Simulation Distance: 8
[04Jul2026 18:24:13.463] [Server thread/INFO] [Minecraft/]: Item Despawn Rate: 6000
[04Jul2026 18:24:13.464] [Server thread/INFO] [Minecraft/]: Entity Tracking Range: Pl 48 / An 48 / Mo 48 / Mi 32 / Di 128 / Other 64
[04Jul2026 18:24:13.464] [Server thread/INFO] [Minecraft/]: Nerfing mobs spawned from spawners: false
[04Jul2026 18:24:13.464] [Server thread/INFO] [Minecraft/]: Item Merge Radius: 2.5
[04Jul2026 18:24:13.464] [Server thread/INFO] [Minecraft/]: Entity Activation Range: An 32 / Mo 32 / Ra 48 / Mi 16 / Tiv true / Isa false
[04Jul2026 18:24:13.464] [Server thread/INFO] [Minecraft/]: Zombie Aggressive Towards Villager: true
[04Jul2026 18:24:13.464] [Server thread/INFO] [Minecraft/]: Allow Zombie Pigmen to spawn from portal blocks: true
[04Jul2026 18:24:13.464] [Server thread/INFO] [Minecraft/]: Experience Merge Radius: 3.0
[04Jul2026 18:24:13.464] [Server thread/INFO] [Minecraft/]: Hopper Transfer: 8 Hopper Check: 1 Hopper Amount: 1 Hopper Can Load Chunks: false
[04Jul2026 18:24:13.464] [Server thread/INFO] [Minecraft/]: Cactus Growth Modifier: 100%
[04Jul2026 18:24:13.464] [Server thread/INFO] [Minecraft/]: Cane Growth Modifier: 100%
[04Jul2026 18:24:13.465] [Server thread/INFO] [Minecraft/]: Melon Growth Modifier: 100%
[04Jul2026 18:24:13.465] [Server thread/INFO] [Minecraft/]: Mushroom Growth Modifier: 100%
[04Jul2026 18:24:13.465] [Server thread/INFO] [Minecraft/]: Pumpkin Growth Modifier: 100%
[04Jul2026 18:24:13.465] [Server thread/INFO] [Minecraft/]: Sapling Growth Modifier: 100%
[04Jul2026 18:24:13.465] [Server thread/INFO] [Minecraft/]: Beetroot Growth Modifier: 100%
[04Jul2026 18:24:13.465] [Server thread/INFO] [Minecraft/]: Carrot Growth Modifier: 100%
[04Jul2026 18:24:13.465] [Server thread/INFO] [Minecraft/]: Potato Growth Modifier: 100%
[04Jul2026 18:24:13.465] [Server thread/INFO] [Minecraft/]: Wheat Growth Modifier: 100%
[04Jul2026 18:24:13.465] [Server thread/INFO] [Minecraft/]: NetherWart Growth Modifier: 100%
[04Jul2026 18:24:13.465] [Server thread/INFO] [Minecraft/]: Vine Growth Modifier: 100%
[04Jul2026 18:24:13.465] [Server thread/INFO] [Minecraft/]: Cocoa Growth Modifier: 100%
[04Jul2026 18:24:13.465] [Server thread/INFO] [Minecraft/]: Bamboo Growth Modifier: 100%
[04Jul2026 18:24:13.465] [Server thread/INFO] [Minecraft/]: SweetBerry Growth Modifier: 100%
[04Jul2026 18:24:13.465] [Server thread/INFO] [Minecraft/]: Kelp Growth Modifier: 100%
[04Jul2026 18:24:13.465] [Server thread/INFO] [Minecraft/]: TwistingVines Growth Modifier: 100%
[04Jul2026 18:24:13.465] [Server thread/INFO] [Minecraft/]: WeepingVines Growth Modifier: 100%
[04Jul2026 18:24:13.465] [Server thread/INFO] [Minecraft/]: CaveVines Growth Modifier: 100%
[04Jul2026 18:24:13.465] [Server thread/INFO] [Minecraft/]: Mob Spawn Range: 6
[04Jul2026 18:24:13.465] [Server thread/INFO] [Minecraft/]: Custom Map Seeds:  Village: 10387312 Desert: 14357617 Igloo: 14357618 Jungle: 14357619 Swamp: 14357620 Monument: 10387313 Ocean: 14357621 Shipwreck: 165745295 End City: 10387313 Slime: 987234911 Nether: 30084232 Mansion: 10387319 Fossil: 14357921 Portal: 34222645
[04Jul2026 18:24:13.465] [Server thread/INFO] [Minecraft/]: Arrow Despawn Rate: 1200 Trident Respawn Rate:1200
[04Jul2026 18:24:13.465] [Server thread/INFO] [Minecraft/]: Max TNT Explosions: 100
[04Jul2026 18:24:13.467] [Server thread/INFO] [Minecraft/]: Tile Max Tick Time: 50ms Entity max Tick Time: 50ms
[04Jul2026 18:24:14.964] [Server thread/INFO] [Minecraft/]: -------- World Settings For [world/DIM1] --------
[04Jul2026 18:24:14.964] [Server thread/INFO] [Minecraft/]: View Distance: 16
[04Jul2026 18:24:14.964] [Server thread/INFO] [Minecraft/]: Simulation Distance: 8
[04Jul2026 18:24:14.964] [Server thread/INFO] [Minecraft/]: Item Despawn Rate: 6000
[04Jul2026 18:24:14.964] [Server thread/INFO] [Minecraft/]: Entity Tracking Range: Pl 48 / An 48 / Mo 48 / Mi 32 / Di 128 / Other 64
[04Jul2026 18:24:14.964] [Server thread/INFO] [Minecraft/]: Nerfing mobs spawned from spawners: false
[04Jul2026 18:24:14.964] [Server thread/INFO] [Minecraft/]: Item Merge Radius: 2.5
[04Jul2026 18:24:14.964] [Server thread/INFO] [Minecraft/]: Entity Activation Range: An 32 / Mo 32 / Ra 48 / Mi 16 / Tiv true / Isa false
[04Jul2026 18:24:14.964] [Server thread/INFO] [Minecraft/]: Zombie Aggressive Towards Villager: true
[04Jul2026 18:24:14.964] [Server thread/INFO] [Minecraft/]: Allow Zombie Pigmen to spawn from portal blocks: true
[04Jul2026 18:24:14.964] [Server thread/INFO] [Minecraft/]: Experience Merge Radius: 3.0
[04Jul2026 18:24:14.964] [Server thread/INFO] [Minecraft/]: Hopper Transfer: 8 Hopper Check: 1 Hopper Amount: 1 Hopper Can Load Chunks: false
[04Jul2026 18:24:14.964] [Server thread/INFO] [Minecraft/]: Cactus Growth Modifier: 100%
[04Jul2026 18:24:14.964] [Server thread/INFO] [Minecraft/]: Cane Growth Modifier: 100%
[04Jul2026 18:24:14.964] [Server thread/INFO] [Minecraft/]: Melon Growth Modifier: 100%
[04Jul2026 18:24:14.964] [Server thread/INFO] [Minecraft/]: Mushroom Growth Modifier: 100%
[04Jul2026 18:24:14.964] [Server thread/INFO] [Minecraft/]: Pumpkin Growth Modifier: 100%
[04Jul2026 18:24:14.964] [Server thread/INFO] [Minecraft/]: Sapling Growth Modifier: 100%
[04Jul2026 18:24:14.964] [Server thread/INFO] [Minecraft/]: Beetroot Growth Modifier: 100%
[04Jul2026 18:24:14.964] [Server thread/INFO] [Minecraft/]: Carrot Growth Modifier: 100%
[04Jul2026 18:24:14.964] [Server thread/INFO] [Minecraft/]: Potato Growth Modifier: 100%
[04Jul2026 18:24:14.964] [Server thread/INFO] [Minecraft/]: Wheat Growth Modifier: 100%
[04Jul2026 18:24:14.964] [Server thread/INFO] [Minecraft/]: NetherWart Growth Modifier: 100%
[04Jul2026 18:24:14.964] [Server thread/INFO] [Minecraft/]: Vine Growth Modifier: 100%
[04Jul2026 18:24:14.964] [Server thread/INFO] [Minecraft/]: Cocoa Growth Modifier: 100%
[04Jul2026 18:24:14.964] [Server thread/INFO] [Minecraft/]: Bamboo Growth Modifier: 100%
[04Jul2026 18:24:14.964] [Server thread/INFO] [Minecraft/]: SweetBerry Growth Modifier: 100%
[04Jul2026 18:24:14.964] [Server thread/INFO] [Minecraft/]: Kelp Growth Modifier: 100%
[04Jul2026 18:24:14.964] [Server thread/INFO] [Minecraft/]: TwistingVines Growth Modifier: 100%
[04Jul2026 18:24:14.964] [Server thread/INFO] [Minecraft/]: WeepingVines Growth Modifier: 100%
[04Jul2026 18:24:14.964] [Server thread/INFO] [Minecraft/]: CaveVines Growth Modifier: 100%
[04Jul2026 18:24:14.964] [Server thread/INFO] [Minecraft/]: Mob Spawn Range: 6
[04Jul2026 18:24:14.964] [Server thread/INFO] [Minecraft/]: Custom Map Seeds:  Village: 10387312 Desert: 14357617 Igloo: 14357618 Jungle: 14357619 Swamp: 14357620 Monument: 10387313 Ocean: 14357621 Shipwreck: 165745295 End City: 10387313 Slime: 987234911 Nether: 30084232 Mansion: 10387319 Fossil: 14357921 Portal: 34222645
[04Jul2026 18:24:14.964] [Server thread/INFO] [Minecraft/]: Arrow Despawn Rate: 1200 Trident Respawn Rate:1200
[04Jul2026 18:24:14.964] [Server thread/INFO] [Minecraft/]: Max TNT Explosions: 100
[04Jul2026 18:24:14.964] [Server thread/INFO] [Minecraft/]: Tile Max Tick Time: 50ms Entity max Tick Time: 50ms
[04Jul2026 18:24:14.991] [Server thread/INFO] [Minecraft/]: -------- World Settings For [world/mahoutsukai/reality_marble] --------
[04Jul2026 18:24:14.991] [Server thread/INFO] [Minecraft/]: View Distance: 16
[04Jul2026 18:24:14.991] [Server thread/INFO] [Minecraft/]: Simulation Distance: 8
[04Jul2026 18:24:14.991] [Server thread/INFO] [Minecraft/]: Item Despawn Rate: 6000
[04Jul2026 18:24:14.991] [Server thread/INFO] [Minecraft/]: Entity Tracking Range: Pl 48 / An 48 / Mo 48 / Mi 32 / Di 128 / Other 64
[04Jul2026 18:24:14.991] [Server thread/INFO] [Minecraft/]: Nerfing mobs spawned from spawners: false
[04Jul2026 18:24:14.991] [Server thread/INFO] [Minecraft/]: Item Merge Radius: 2.5
[04Jul2026 18:24:14.991] [Server thread/INFO] [Minecraft/]: Entity Activation Range: An 32 / Mo 32 / Ra 48 / Mi 16 / Tiv true / Isa false
[04Jul2026 18:24:14.991] [Server thread/INFO] [Minecraft/]: Zombie Aggressive Towards Villager: true
[04Jul2026 18:24:14.991] [Server thread/INFO] [Minecraft/]: Allow Zombie Pigmen to spawn from portal blocks: true
[04Jul2026 18:24:14.991] [Server thread/INFO] [Minecraft/]: Experience Merge Radius: 3.0
[04Jul2026 18:24:14.991] [Server thread/INFO] [Minecraft/]: Hopper Transfer: 8 Hopper Check: 1 Hopper Amount: 1 Hopper Can Load Chunks: false
[04Jul2026 18:24:14.991] [Server thread/INFO] [Minecraft/]: Cactus Growth Modifier: 100%
[04Jul2026 18:24:14.991] [Server thread/INFO] [Minecraft/]: Cane Growth Modifier: 100%
[04Jul2026 18:24:14.991] [Server thread/INFO] [Minecraft/]: Melon Growth Modifier: 100%
[04Jul2026 18:24:14.991] [Server thread/INFO] [Minecraft/]: Mushroom Growth Modifier: 100%
[04Jul2026 18:24:14.991] [Server thread/INFO] [Minecraft/]: Pumpkin Growth Modifier: 100%
[04Jul2026 18:24:14.991] [Server thread/INFO] [Minecraft/]: Sapling Growth Modifier: 100%
[04Jul2026 18:24:14.991] [Server thread/INFO] [Minecraft/]: Beetroot Growth Modifier: 100%
[04Jul2026 18:24:14.991] [Server thread/INFO] [Minecraft/]: Carrot Growth Modifier: 100%
[04Jul2026 18:24:14.991] [Server thread/INFO] [Minecraft/]: Potato Growth Modifier: 100%
[04Jul2026 18:24:14.991] [Server thread/INFO] [Minecraft/]: Wheat Growth Modifier: 100%
[04Jul2026 18:24:14.991] [Server thread/INFO] [Minecraft/]: NetherWart Growth Modifier: 100%
[04Jul2026 18:24:14.991] [Server thread/INFO] [Minecraft/]: Vine Growth Modifier: 100%
[04Jul2026 18:24:14.991] [Server thread/INFO] [Minecraft/]: Cocoa Growth Modifier: 100%
[04Jul2026 18:24:14.991] [Server thread/INFO] [Minecraft/]: Bamboo Growth Modifier: 100%
[04Jul2026 18:24:14.991] [Server thread/INFO] [Minecraft/]: SweetBerry Growth Modifier: 100%
[04Jul2026 18:24:14.991] [Server thread/INFO] [Minecraft/]: Kelp Growth Modifier: 100%
[04Jul2026 18:24:14.991] [Server thread/INFO] [Minecraft/]: TwistingVines Growth Modifier: 100%
[04Jul2026 18:24:14.991] [Server thread/INFO] [Minecraft/]: WeepingVines Growth Modifier: 100%
[04Jul2026 18:24:14.991] [Server thread/INFO] [Minecraft/]: CaveVines Growth Modifier: 100%
[04Jul2026 18:24:14.991] [Server thread/INFO] [Minecraft/]: Mob Spawn Range: 6
[04Jul2026 18:24:14.991] [Server thread/INFO] [Minecraft/]: Custom Map Seeds:  Village: 10387312 Desert: 14357617 Igloo: 14357618 Jungle: 14357619 Swamp: 14357620 Monument: 10387313 Ocean: 14357621 Shipwreck: 165745295 End City: 10387313 Slime: 987234911 Nether: 30084232 Mansion: 10387319 Fossil: 14357921 Portal: 34222645
[04Jul2026 18:24:14.991] [Server thread/INFO] [Minecraft/]: Arrow Despawn Rate: 1200 Trident Respawn Rate:1200
[04Jul2026 18:24:14.991] [Server thread/INFO] [Minecraft/]: Max TNT Explosions: 100
[04Jul2026 18:24:14.991] [Server thread/INFO] [Minecraft/]: Tile Max Tick Time: 50ms Entity max Tick Time: 50ms
[04Jul2026 18:24:15.011] [Server thread/INFO] [Minecraft/]: -------- World Settings For [world/arphex/the_crawling] --------
[04Jul2026 18:24:15.011] [Server thread/INFO] [Minecraft/]: View Distance: 16
[04Jul2026 18:24:15.011] [Server thread/INFO] [Minecraft/]: Simulation Distance: 8
[04Jul2026 18:24:15.011] [Server thread/INFO] [Minecraft/]: Item Despawn Rate: 6000
[04Jul2026 18:24:15.011] [Server thread/INFO] [Minecraft/]: Entity Tracking Range: Pl 48 / An 48 / Mo 48 / Mi 32 / Di 128 / Other 64
[04Jul2026 18:24:15.011] [Server thread/INFO] [Minecraft/]: Nerfing mobs spawned from spawners: false
[04Jul2026 18:24:15.011] [Server thread/INFO] [Minecraft/]: Item Merge Radius: 2.5
[04Jul2026 18:24:15.011] [Server thread/INFO] [Minecraft/]: Entity Activation Range: An 32 / Mo 32 / Ra 48 / Mi 16 / Tiv true / Isa false
[04Jul2026 18:24:15.011] [Server thread/INFO] [Minecraft/]: Zombie Aggressive Towards Villager: true
[04Jul2026 18:24:15.011] [Server thread/INFO] [Minecraft/]: Allow Zombie Pigmen to spawn from portal blocks: true
[04Jul2026 18:24:15.011] [Server thread/INFO] [Minecraft/]: Experience Merge Radius: 3.0
[04Jul2026 18:24:15.011] [Server thread/INFO] [Minecraft/]: Hopper Transfer: 8 Hopper Check: 1 Hopper Amount: 1 Hopper Can Load Chunks: false
[04Jul2026 18:24:15.012] [Server thread/INFO] [Minecraft/]: Cactus Growth Modifier: 100%
[04Jul2026 18:24:15.012] [Server thread/INFO] [Minecraft/]: Cane Growth Modifier: 100%
[04Jul2026 18:24:15.012] [Server thread/INFO] [Minecraft/]: Melon Growth Modifier: 100%
[04Jul2026 18:24:15.012] [Server thread/INFO] [Minecraft/]: Mushroom Growth Modifier: 100%
[04Jul2026 18:24:15.012] [Server thread/INFO] [Minecraft/]: Pumpkin Growth Modifier: 100%
[04Jul2026 18:24:15.012] [Server thread/INFO] [Minecraft/]: Sapling Growth Modifier: 100%
[04Jul2026 18:24:15.012] [Server thread/INFO] [Minecraft/]: Beetroot Growth Modifier: 100%
[04Jul2026 18:24:15.012] [Server thread/INFO] [Minecraft/]: Carrot Growth Modifier: 100%
[04Jul2026 18:24:15.012] [Server thread/INFO] [Minecraft/]: Potato Growth Modifier: 100%
[04Jul2026 18:24:15.012] [Server thread/INFO] [Minecraft/]: Wheat Growth Modifier: 100%
[04Jul2026 18:24:15.012] [Server thread/INFO] [Minecraft/]: NetherWart Growth Modifier: 100%
[04Jul2026 18:24:15.012] [Server thread/INFO] [Minecraft/]: Vine Growth Modifier: 100%
[04Jul2026 18:24:15.012] [Server thread/INFO] [Minecraft/]: Cocoa Growth Modifier: 100%
[04Jul2026 18:24:15.012] [Server thread/INFO] [Minecraft/]: Bamboo Growth Modifier: 100%
[04Jul2026 18:24:15.012] [Server thread/INFO] [Minecraft/]: SweetBerry Growth Modifier: 100%
[04Jul2026 18:24:15.012] [Server thread/INFO] [Minecraft/]: Kelp Growth Modifier: 100%
[04Jul2026 18:24:15.012] [Server thread/INFO] [Minecraft/]: TwistingVines Growth Modifier: 100%
[04Jul2026 18:24:15.012] [Server thread/INFO] [Minecraft/]: WeepingVines Growth Modifier: 100%
[04Jul2026 18:24:15.012] [Server thread/INFO] [Minecraft/]: CaveVines Growth Modifier: 100%
[04Jul2026 18:24:15.012] [Server thread/INFO] [Minecraft/]: Mob Spawn Range: 6
[04Jul2026 18:24:15.012] [Server thread/INFO] [Minecraft/]: Custom Map Seeds:  Village: 10387312 Desert: 14357617 Igloo: 14357618 Jungle: 14357619 Swamp: 14357620 Monument: 10387313 Ocean: 14357621 Shipwreck: 165745295 End City: 10387313 Slime: 987234911 Nether: 30084232 Mansion: 10387319 Fossil: 14357921 Portal: 34222645
[04Jul2026 18:24:15.012] [Server thread/INFO] [Minecraft/]: Arrow Despawn Rate: 1200 Trident Respawn Rate:1200
[04Jul2026 18:24:15.012] [Server thread/INFO] [Minecraft/]: Max TNT Explosions: 100
[04Jul2026 18:24:15.012] [Server thread/INFO] [Minecraft/]: Tile Max Tick Time: 50ms Entity max Tick Time: 50ms
[04Jul2026 18:24:15.030] [Server thread/INFO] [Minecraft/]: -------- World Settings For [world/twilightforest/twilight_forest] --------
[04Jul2026 18:24:15.030] [Server thread/INFO] [Minecraft/]: View Distance: 16
[04Jul2026 18:24:15.030] [Server thread/INFO] [Minecraft/]: Simulation Distance: 8
[04Jul2026 18:24:15.030] [Server thread/INFO] [Minecraft/]: Item Despawn Rate: 6000
[04Jul2026 18:24:15.030] [Server thread/INFO] [Minecraft/]: Entity Tracking Range: Pl 48 / An 48 / Mo 48 / Mi 32 / Di 128 / Other 64
[04Jul2026 18:24:15.030] [Server thread/INFO] [Minecraft/]: Nerfing mobs spawned from spawners: false
[04Jul2026 18:24:15.030] [Server thread/INFO] [Minecraft/]: Item Merge Radius: 2.5
[04Jul2026 18:24:15.030] [Server thread/INFO] [Minecraft/]: Entity Activation Range: An 32 / Mo 32 / Ra 48 / Mi 16 / Tiv true / Isa false
[04Jul2026 18:24:15.030] [Server thread/INFO] [Minecraft/]: Zombie Aggressive Towards Villager: true
[04Jul2026 18:24:15.030] [Server thread/INFO] [Minecraft/]: Allow Zombie Pigmen to spawn from portal blocks: true
[04Jul2026 18:24:15.030] [Server thread/INFO] [Minecraft/]: Experience Merge Radius: 3.0
[04Jul2026 18:24:15.030] [Server thread/INFO] [Minecraft/]: Hopper Transfer: 8 Hopper Check: 1 Hopper Amount: 1 Hopper Can Load Chunks: false
[04Jul2026 18:24:15.030] [Server thread/INFO] [Minecraft/]: Cactus Growth Modifier: 100%
[04Jul2026 18:24:15.030] [Server thread/INFO] [Minecraft/]: Cane Growth Modifier: 100%
[04Jul2026 18:24:15.030] [Server thread/INFO] [Minecraft/]: Melon Growth Modifier: 100%
[04Jul2026 18:24:15.030] [Server thread/INFO] [Minecraft/]: Mushroom Growth Modifier: 100%
[04Jul2026 18:24:15.030] [Server thread/INFO] [Minecraft/]: Pumpkin Growth Modifier: 100%
[04Jul2026 18:24:15.030] [Server thread/INFO] [Minecraft/]: Sapling Growth Modifier: 100%
[04Jul2026 18:24:15.030] [Server thread/INFO] [Minecraft/]: Beetroot Growth Modifier: 100%
[04Jul2026 18:24:15.030] [Server thread/INFO] [Minecraft/]: Carrot Growth Modifier: 100%
[04Jul2026 18:24:15.030] [Server thread/INFO] [Minecraft/]: Potato Growth Modifier: 100%
[04Jul2026 18:24:15.030] [Server thread/INFO] [Minecraft/]: Wheat Growth Modifier: 100%
[04Jul2026 18:24:15.030] [Server thread/INFO] [Minecraft/]: NetherWart Growth Modifier: 100%
[04Jul2026 18:24:15.030] [Server thread/INFO] [Minecraft/]: Vine Growth Modifier: 100%
[04Jul2026 18:24:15.030] [Server thread/INFO] [Minecraft/]: Cocoa Growth Modifier: 100%
[04Jul2026 18:24:15.030] [Server thread/INFO] [Minecraft/]: Bamboo Growth Modifier: 100%
[04Jul2026 18:24:15.030] [Server thread/INFO] [Minecraft/]: SweetBerry Growth Modifier: 100%
[04Jul2026 18:24:15.030] [Server thread/INFO] [Minecraft/]: Kelp Growth Modifier: 100%
[04Jul2026 18:24:15.030] [Server thread/INFO] [Minecraft/]: TwistingVines Growth Modifier: 100%
[04Jul2026 18:24:15.030] [Server thread/INFO] [Minecraft/]: WeepingVines Growth Modifier: 100%
[04Jul2026 18:24:15.030] [Server thread/INFO] [Minecraft/]: CaveVines Growth Modifier: 100%
[04Jul2026 18:24:15.030] [Server thread/INFO] [Minecraft/]: Mob Spawn Range: 6
[04Jul2026 18:24:15.030] [Server thread/INFO] [Minecraft/]: Custom Map Seeds:  Village: 10387312 Desert: 14357617 Igloo: 14357618 Jungle: 14357619 Swamp: 14357620 Monument: 10387313 Ocean: 14357621 Shipwreck: 165745295 End City: 10387313 Slime: 987234911 Nether: 30084232 Mansion: 10387319 Fossil: 14357921 Portal: 34222645
[04Jul2026 18:24:15.030] [Server thread/INFO] [Minecraft/]: Arrow Despawn Rate: 1200 Trident Respawn Rate:1200
[04Jul2026 18:24:15.030] [Server thread/INFO] [Minecraft/]: Max TNT Explosions: 100
[04Jul2026 18:24:15.030] [Server thread/INFO] [Minecraft/]: Tile Max Tick Time: 50ms Entity max Tick Time: 50ms
[04Jul2026 18:24:15.045] [Server thread/INFO] [Minecraft/]: -------- World Settings For [world/DIM-1] --------
[04Jul2026 18:24:15.045] [Server thread/INFO] [Minecraft/]: View Distance: 16
[04Jul2026 18:24:15.045] [Server thread/INFO] [Minecraft/]: Simulation Distance: 8
[04Jul2026 18:24:15.045] [Server thread/INFO] [Minecraft/]: Item Despawn Rate: 6000
[04Jul2026 18:24:15.045] [Server thread/INFO] [Minecraft/]: Entity Tracking Range: Pl 48 / An 48 / Mo 48 / Mi 32 / Di 128 / Other 64
[04Jul2026 18:24:15.045] [Server thread/INFO] [Minecraft/]: Nerfing mobs spawned from spawners: false
[04Jul2026 18:24:15.045] [Server thread/INFO] [Minecraft/]: Item Merge Radius: 2.5
[04Jul2026 18:24:15.045] [Server thread/INFO] [Minecraft/]: Entity Activation Range: An 32 / Mo 32 / Ra 48 / Mi 16 / Tiv true / Isa false
[04Jul2026 18:24:15.045] [Server thread/INFO] [Minecraft/]: Zombie Aggressive Towards Villager: true
[04Jul2026 18:24:15.045] [Server thread/INFO] [Minecraft/]: Allow Zombie Pigmen to spawn from portal blocks: true
[04Jul2026 18:24:15.045] [Server thread/INFO] [Minecraft/]: Experience Merge Radius: 3.0
[04Jul2026 18:24:15.045] [Server thread/INFO] [Minecraft/]: Hopper Transfer: 8 Hopper Check: 1 Hopper Amount: 1 Hopper Can Load Chunks: false
[04Jul2026 18:24:15.047] [Server thread/INFO] [Minecraft/]: Cactus Growth Modifier: 100%
[04Jul2026 18:24:15.047] [Server thread/INFO] [Minecraft/]: Cane Growth Modifier: 100%
[04Jul2026 18:24:15.047] [Server thread/INFO] [Minecraft/]: Melon Growth Modifier: 100%
[04Jul2026 18:24:15.047] [Server thread/INFO] [Minecraft/]: Mushroom Growth Modifier: 100%
[04Jul2026 18:24:15.047] [Server thread/INFO] [Minecraft/]: Pumpkin Growth Modifier: 100%
[04Jul2026 18:24:15.047] [Server thread/INFO] [Minecraft/]: Sapling Growth Modifier: 100%
[04Jul2026 18:24:15.047] [Server thread/INFO] [Minecraft/]: Beetroot Growth Modifier: 100%
[04Jul2026 18:24:15.047] [Server thread/INFO] [Minecraft/]: Carrot Growth Modifier: 100%
[04Jul2026 18:24:15.047] [Server thread/INFO] [Minecraft/]: Potato Growth Modifier: 100%
[04Jul2026 18:24:15.047] [Server thread/INFO] [Minecraft/]: Wheat Growth Modifier: 100%
[04Jul2026 18:24:15.047] [Server thread/INFO] [Minecraft/]: NetherWart Growth Modifier: 100%
[04Jul2026 18:24:15.047] [Server thread/INFO] [Minecraft/]: Vine Growth Modifier: 100%
[04Jul2026 18:24:15.047] [Server thread/INFO] [Minecraft/]: Cocoa Growth Modifier: 100%
[04Jul2026 18:24:15.047] [Server thread/INFO] [Minecraft/]: Bamboo Growth Modifier: 100%
[04Jul2026 18:24:15.047] [Server thread/INFO] [Minecraft/]: SweetBerry Growth Modifier: 100%
[04Jul2026 18:24:15.047] [Server thread/INFO] [Minecraft/]: Kelp Growth Modifier: 100%
[04Jul2026 18:24:15.047] [Server thread/INFO] [Minecraft/]: TwistingVines Growth Modifier: 100%
[04Jul2026 18:24:15.047] [Server thread/INFO] [Minecraft/]: WeepingVines Growth Modifier: 100%
[04Jul2026 18:24:15.047] [Server thread/INFO] [Minecraft/]: CaveVines Growth Modifier: 100%
[04Jul2026 18:24:15.047] [Server thread/INFO] [Minecraft/]: Mob Spawn Range: 6
[04Jul2026 18:24:15.047] [Server thread/INFO] [Minecraft/]: Custom Map Seeds:  Village: 10387312 Desert: 14357617 Igloo: 14357618 Jungle: 14357619 Swamp: 14357620 Monument: 10387313 Ocean: 14357621 Shipwreck: 165745295 End City: 10387313 Slime: 987234911 Nether: 30084232 Mansion: 10387319 Fossil: 14357921 Portal: 34222645
[04Jul2026 18:24:15.047] [Server thread/INFO] [Minecraft/]: Arrow Despawn Rate: 1200 Trident Respawn Rate:1200
[04Jul2026 18:24:15.047] [Server thread/INFO] [Minecraft/]: Max TNT Explosions: 100
[04Jul2026 18:24:15.047] [Server thread/INFO] [Minecraft/]: Tile Max Tick Time: 50ms Entity max Tick Time: 50ms
[04Jul2026 18:24:15.275] [Server thread/INFO] [Minecraft/]: -------- World Settings For [world/arphex/the_webrooms] --------
[04Jul2026 18:24:15.275] [Server thread/INFO] [Minecraft/]: View Distance: 16
[04Jul2026 18:24:15.275] [Server thread/INFO] [Minecraft/]: Simulation Distance: 8
[04Jul2026 18:24:15.275] [Server thread/INFO] [Minecraft/]: Item Despawn Rate: 6000
[04Jul2026 18:24:15.275] [Server thread/INFO] [Minecraft/]: Entity Tracking Range: Pl 48 / An 48 / Mo 48 / Mi 32 / Di 128 / Other 64
[04Jul2026 18:24:15.275] [Server thread/INFO] [Minecraft/]: Nerfing mobs spawned from spawners: false
[04Jul2026 18:24:15.275] [Server thread/INFO] [Minecraft/]: Item Merge Radius: 2.5
[04Jul2026 18:24:15.275] [Server thread/INFO] [Minecraft/]: Entity Activation Range: An 32 / Mo 32 / Ra 48 / Mi 16 / Tiv true / Isa false
[04Jul2026 18:24:15.275] [Server thread/INFO] [Minecraft/]: Zombie Aggressive Towards Villager: true
[04Jul2026 18:24:15.275] [Server thread/INFO] [Minecraft/]: Allow Zombie Pigmen to spawn from portal blocks: true
[04Jul2026 18:24:15.275] [Server thread/INFO] [Minecraft/]: Experience Merge Radius: 3.0
[04Jul2026 18:24:15.275] [Server thread/INFO] [Minecraft/]: Hopper Transfer: 8 Hopper Check: 1 Hopper Amount: 1 Hopper Can Load Chunks: false
[04Jul2026 18:24:15.275] [Server thread/INFO] [Minecraft/]: Cactus Growth Modifier: 100%
[04Jul2026 18:24:15.276] [Server thread/INFO] [Minecraft/]: Cane Growth Modifier: 100%
[04Jul2026 18:24:15.276] [Server thread/INFO] [Minecraft/]: Melon Growth Modifier: 100%
[04Jul2026 18:24:15.276] [Server thread/INFO] [Minecraft/]: Mushroom Growth Modifier: 100%
[04Jul2026 18:24:15.276] [Server thread/INFO] [Minecraft/]: Pumpkin Growth Modifier: 100%
[04Jul2026 18:24:15.276] [Server thread/INFO] [Minecraft/]: Sapling Growth Modifier: 100%
[04Jul2026 18:24:15.276] [Server thread/INFO] [Minecraft/]: Beetroot Growth Modifier: 100%
[04Jul2026 18:24:15.276] [Server thread/INFO] [Minecraft/]: Carrot Growth Modifier: 100%
[04Jul2026 18:24:15.276] [Server thread/INFO] [Minecraft/]: Potato Growth Modifier: 100%
[04Jul2026 18:24:15.276] [Server thread/INFO] [Minecraft/]: Wheat Growth Modifier: 100%
[04Jul2026 18:24:15.276] [Server thread/INFO] [Minecraft/]: NetherWart Growth Modifier: 100%
[04Jul2026 18:24:15.276] [Server thread/INFO] [Minecraft/]: Vine Growth Modifier: 100%
[04Jul2026 18:24:15.276] [Server thread/INFO] [Minecraft/]: Cocoa Growth Modifier: 100%
[04Jul2026 18:24:15.276] [Server thread/INFO] [Minecraft/]: Bamboo Growth Modifier: 100%
[04Jul2026 18:24:15.276] [Server thread/INFO] [Minecraft/]: SweetBerry Growth Modifier: 100%
[04Jul2026 18:24:15.276] [Server thread/INFO] [Minecraft/]: Kelp Growth Modifier: 100%
[04Jul2026 18:24:15.276] [Server thread/INFO] [Minecraft/]: TwistingVines Growth Modifier: 100%
[04Jul2026 18:24:15.276] [Server thread/INFO] [Minecraft/]: WeepingVines Growth Modifier: 100%
[04Jul2026 18:24:15.276] [Server thread/INFO] [Minecraft/]: CaveVines Growth Modifier: 100%
[04Jul2026 18:24:15.276] [Server thread/INFO] [Minecraft/]: Mob Spawn Range: 6
[04Jul2026 18:24:15.276] [Server thread/INFO] [Minecraft/]: Custom Map Seeds:  Village: 10387312 Desert: 14357617 Igloo: 14357618 Jungle: 14357619 Swamp: 14357620 Monument: 10387313 Ocean: 14357621 Shipwreck: 165745295 End City: 10387313 Slime: 987234911 Nether: 30084232 Mansion: 10387319 Fossil: 14357921 Portal: 34222645
[04Jul2026 18:24:15.276] [Server thread/INFO] [Minecraft/]: Arrow Despawn Rate: 1200 Trident Respawn Rate:1200
[04Jul2026 18:24:15.276] [Server thread/INFO] [Minecraft/]: Max TNT Explosions: 100
[04Jul2026 18:24:15.276] [Server thread/INFO] [Minecraft/]: Tile Max Tick Time: 50ms Entity max Tick Time: 50ms
[04Jul2026 18:24:15.300] [Server thread/INFO] [Essentials/]: Enabling Essentials v2.22.0
[04Jul2026 18:24:16.279] [Server thread/ERROR] [Essentials/]: You are running an unsupported server version!
[04Jul2026 18:24:16.806] [Server thread/INFO] [Essentials/]: Attempting to convert old kits in config.yml to new kits.yml
[04Jul2026 18:24:16.806] [Server thread/INFO] [Essentials/]: No kits found to migrate.
[04Jul2026 18:24:16.909] [Server thread/INFO] [Essentials/]: Selected Reflection Sync Commands Provider as the provider for SyncCommandsProvider
[04Jul2026 18:24:16.910] [Server thread/INFO] [Essentials/]: Selected Reflection Known Commands Provider as the provider for KnownCommandsProvider
[04Jul2026 18:24:16.911] [Server thread/INFO] [Essentials/]: Selected 1.20.4+ Damage Event Provider as the provider for DamageEventProvider
[04Jul2026 18:24:16.912] [Server thread/INFO] [Essentials/]: Selected 1.13+ Spawn Egg Provider as the provider for SpawnEggProvider
[04Jul2026 18:24:16.912] [Server thread/INFO] [Essentials/]: Selected 1.12.2+ Player Locale Provider as the provider for PlayerLocaleProvider
[04Jul2026 18:24:16.912] [Server thread/INFO] [Essentials/]: Selected Reflection Server State Provider as the provider for ServerStateProvider
[04Jul2026 18:24:16.925] [Server thread/INFO] [Essentials/]: Selected Bukkit Tile Entity Provider as the provider for TileEntityProvider
[04Jul2026 18:24:16.925] [Server thread/INFO] [Essentials/]: Selected 1.17.1+ World Info Provider as the provider for WorldInfoProvider
[04Jul2026 18:24:16.926] [Server thread/INFO] [Essentials/]: No provider found for ContainerProvider, but it is nullable
[04Jul2026 18:24:16.927] [Server thread/INFO] [Essentials/]: Selected 1.11+ Item Unbreakable Provider as the provider for ItemUnbreakableProvider
[04Jul2026 18:24:16.927] [Server thread/INFO] [Essentials/]: No provider found for TickCountProvider, but it is nullable
[04Jul2026 18:24:16.927] [Server thread/INFO] [Essentials/]: No provider found for SerializationProvider, but it is nullable
[04Jul2026 18:24:16.927] [Server thread/INFO] [Essentials/]: Selected 1.14+ Sign Data Provider as the provider for SignDataProvider
[04Jul2026 18:24:16.928] [Server thread/INFO] [Essentials/]: Selected 1.14.4+ Persistent Data Container Provider as the provider for PersistentDataProvider
[04Jul2026 18:24:16.928] [Server thread/INFO] [Essentials/]: Selected Legacy Biome Name Provider as the provider for BiomeNameProvider
[04Jul2026 18:24:16.928] [Server thread/INFO] [Essentials/]: Selected 1.20.5+ Banner Data Provider as the provider for BannerDataProvider
[04Jul2026 18:24:16.929] [Server thread/INFO] [Essentials/]: Selected 1.20.6+ Potion Meta Provider as the provider for PotionMetaProvider
[04Jul2026 18:24:16.930] [Server thread/INFO] [Essentials/]: No provider found for BiomeKeyProvider, but it is nullable
[04Jul2026 18:24:16.930] [Server thread/INFO] [Essentials/]: Selected Reflection Online Mode Provider as the provider for OnlineModeProvider
[04Jul2026 18:24:16.931] [Server thread/INFO] [Essentials/]: Selected 1.21+ InventoryView Interface ABI Provider as the provider for InventoryViewProvider
[04Jul2026 18:24:16.937] [Server thread/INFO] [Essentials/]: Selected Bukkit Material Tag Provider as the provider for MaterialTagProvider
[04Jul2026 18:24:16.938] [Server thread/INFO] [Essentials/]: Selected 1.12+ Spawner Block Provider as the provider for SpawnerBlockProvider
[04Jul2026 18:24:16.939] [Server thread/INFO] [Essentials/]: Selected Reflection Formatted Command Alias Provider as the provider for FormattedCommandAliasProvider
[04Jul2026 18:24:16.945] [Server thread/INFO] [Essentials/]: Selected 1.8.3+ Spawner Item Provider as the provider for SpawnerItemProvider
[04Jul2026 18:24:17.007] [Server thread/WARN] [Essentials/]: File plugins\Essentials\items.json has been modified by user and file version differs, please update the file manually.
[04Jul2026 18:24:17.148] [Server thread/INFO] [Essentials/]: Loaded 43880 items from items.json.
[04Jul2026 18:24:17.185] [Server thread/INFO] [Essentials/]: Using locale en_US
[04Jul2026 18:24:17.263] [Server thread/INFO] [Essentials/]: ServerListPingEvent: Spigot iterator API
[04Jul2026 18:24:17.315] [Server thread/INFO] [Essentials/]: Starting Metrics. Opt-out using the global bStats config.
[04Jul2026 18:24:17.347] [Server thread/INFO] [Essentials/]: Using superperms-based permissions.
[04Jul2026 18:24:17.348] [Server thread/INFO] [EssentialsSpawn/]: Enabling EssentialsSpawn v2.22.0
[04Jul2026 18:24:17.353] [Server thread/INFO] [EssentialsSpawn/]: Starting Metrics. Opt-out using the global bStats config.
[04Jul2026 18:24:17.354] [Server thread/INFO] [EssentialsChat/]: Enabling EssentialsChat v2.22.0
[04Jul2026 18:24:17.364] [Server thread/INFO] [EssentialsChat/]: Starting Metrics. Opt-out using the global bStats config.
[04Jul2026 18:24:17.365] [Server thread/INFO] [Minecraft/]: [Multiverse-Core] Enabling Multiverse-Core v5.4.0
[04Jul2026 18:24:18.154] [Server thread/INFO] [Minecraft/]: [Multiverse-Core] API service loaded!
[04Jul2026 18:24:18.167] [Server thread/INFO] [Minecraft/]: [Multiverse-Core] [32mVersion 5.4.0 (API v5.4) Enabled - By dumptruckman, Rigby, fernferret, lithium3141, main--, benwoo1110 and Zax71[39m
[04Jul2026 18:24:18.167] [Server thread/INFO] [Minecraft/]: [Multiverse-Core] [32mLoving Multiverse-Core? Please consider supporting the project with a small donation: https://github.com/sponsors/Multiverse[39m
[04Jul2026 18:24:18.188] [Server thread/INFO] [Minecraft/]: Server permissions file permissions.yml is empty, ignoring it
[04Jul2026 18:24:18.263] [Server thread/WARN] [Arclight/]: Assign ae2:spatial_storage to unknown level stem LevelStem[type=Reference{ResourceKey[minecraft:dimension_type / ae2:spatial_storage]=DimensionType[fixedTime=OptionalLong[12000], hasSkyLight=false, hasCeiling=false, ultraWarm=false, natural=false, coordinateScale=1.0, bedWorks=false, respawnAnchorWorks=false, minY=0, height=256, logicalHeight=256, infiniburn=TagKey[minecraft:block / minecraft:infiniburn_overworld], effectsLocation=ae2:spatial_storage, ambientLight=1.0, monsterSettings=MonsterSettings[piglinSafe=false, hasRaids=false, monsterSpawnLightTest=0, monsterSpawnBlockLightLimit=0]]}, generator=SpatialStorageChunkGenerator (da709ae)
    preset     = none
    features   = undead_revamp2(5), cobblemon(4)]
[04Jul2026 18:24:18.263] [Server thread/INFO] [Minecraft/]: -------- World Settings For [world/ae2/spatial_storage] --------
[04Jul2026 18:24:18.263] [Server thread/INFO] [Minecraft/]: View Distance: 16
[04Jul2026 18:24:18.263] [Server thread/INFO] [Minecraft/]: Simulation Distance: 8
[04Jul2026 18:24:18.263] [Server thread/INFO] [Minecraft/]: Item Despawn Rate: 6000
[04Jul2026 18:24:18.263] [Server thread/INFO] [Minecraft/]: Entity Tracking Range: Pl 48 / An 48 / Mo 48 / Mi 32 / Di 128 / Other 64
[04Jul2026 18:24:18.263] [Server thread/INFO] [Minecraft/]: Nerfing mobs spawned from spawners: false
[04Jul2026 18:24:18.263] [Server thread/INFO] [Minecraft/]: Item Merge Radius: 2.5
[04Jul2026 18:24:18.263] [Server thread/INFO] [Minecraft/]: Entity Activation Range: An 32 / Mo 32 / Ra 48 / Mi 16 / Tiv true / Isa false
[04Jul2026 18:24:18.263] [Server thread/INFO] [Minecraft/]: Zombie Aggressive Towards Villager: true
[04Jul2026 18:24:18.263] [Server thread/INFO] [Minecraft/]: Allow Zombie Pigmen to spawn from portal blocks: true
[04Jul2026 18:24:18.263] [Server thread/INFO] [Minecraft/]: Experience Merge Radius: 3.0
[04Jul2026 18:24:18.263] [Server thread/INFO] [Minecraft/]: Hopper Transfer: 8 Hopper Check: 1 Hopper Amount: 1 Hopper Can Load Chunks: false
[04Jul2026 18:24:18.263] [Server thread/INFO] [Minecraft/]: Cactus Growth Modifier: 100%
[04Jul2026 18:24:18.263] [Server thread/INFO] [Minecraft/]: Cane Growth Modifier: 100%
[04Jul2026 18:24:18.263] [Server thread/INFO] [Minecraft/]: Melon Growth Modifier: 100%
[04Jul2026 18:24:18.263] [Server thread/INFO] [Minecraft/]: Mushroom Growth Modifier: 100%
[04Jul2026 18:24:18.263] [Server thread/INFO] [Minecraft/]: Pumpkin Growth Modifier: 100%
[04Jul2026 18:24:18.263] [Server thread/INFO] [Minecraft/]: Sapling Growth Modifier: 100%
[04Jul2026 18:24:18.263] [Server thread/INFO] [Minecraft/]: Beetroot Growth Modifier: 100%
[04Jul2026 18:24:18.263] [Server thread/INFO] [Minecraft/]: Carrot Growth Modifier: 100%
[04Jul2026 18:24:18.263] [Server thread/INFO] [Minecraft/]: Potato Growth Modifier: 100%
[04Jul2026 18:24:18.263] [Server thread/INFO] [Minecraft/]: Wheat Growth Modifier: 100%
[04Jul2026 18:24:18.263] [Server thread/INFO] [Minecraft/]: NetherWart Growth Modifier: 100%
[04Jul2026 18:24:18.263] [Server thread/INFO] [Minecraft/]: Vine Growth Modifier: 100%
[04Jul2026 18:24:18.263] [Server thread/INFO] [Minecraft/]: Cocoa Growth Modifier: 100%
[04Jul2026 18:24:18.263] [Server thread/INFO] [Minecraft/]: Bamboo Growth Modifier: 100%
[04Jul2026 18:24:18.263] [Server thread/INFO] [Minecraft/]: SweetBerry Growth Modifier: 100%
[04Jul2026 18:24:18.263] [Server thread/INFO] [Minecraft/]: Kelp Growth Modifier: 100%
[04Jul2026 18:24:18.263] [Server thread/INFO] [Minecraft/]: TwistingVines Growth Modifier: 100%
[04Jul2026 18:24:18.263] [Server thread/INFO] [Minecraft/]: WeepingVines Growth Modifier: 100%
[04Jul2026 18:24:18.263] [Server thread/INFO] [Minecraft/]: CaveVines Growth Modifier: 100%
[04Jul2026 18:24:18.263] [Server thread/INFO] [Minecraft/]: Mob Spawn Range: 6
[04Jul2026 18:24:18.263] [Server thread/INFO] [Minecraft/]: Custom Map Seeds:  Village: 10387312 Desert: 14357617 Igloo: 14357618 Jungle: 14357619 Swamp: 14357620 Monument: 10387313 Ocean: 14357621 Shipwreck: 165745295 End City: 10387313 Slime: 987234911 Nether: 30084232 Mansion: 10387319 Fossil: 14357921 Portal: 34222645
[04Jul2026 18:24:18.263] [Server thread/INFO] [Minecraft/]: Arrow Despawn Rate: 1200 Trident Respawn Rate:1200
[04Jul2026 18:24:18.263] [Server thread/INFO] [Minecraft/]: Max TNT Explosions: 100
[04Jul2026 18:24:18.263] [Server thread/INFO] [Minecraft/]: Tile Max Tick Time: 50ms Entity max Tick Time: 50ms
[04Jul2026 18:24:18.279] [Server thread/INFO] [net.minecraft.server.MinecraftServer/]: Preparing start region for dimension minecraft:overworld
[04Jul2026 18:24:20.085] [Worker-Main-7/INFO] [net.minecraft.server.level.progress.LoggerChunkProgressListener/]: Preparing spawn area: 0%
[04Jul2026 18:24:20.085] [Worker-Main-7/INFO] [net.minecraft.server.level.progress.LoggerChunkProgressListener/]: Preparing spawn area: 0%
[04Jul2026 18:24:20.085] [Worker-Main-7/INFO] [net.minecraft.server.level.progress.LoggerChunkProgressListener/]: Preparing spawn area: 0%
[04Jul2026 18:24:20.085] [Worker-Main-7/INFO] [net.minecraft.server.level.progress.LoggerChunkProgressListener/]: Preparing spawn area: 0%
[04Jul2026 18:24:20.328] [Worker-Main-13/INFO] [net.minecraft.server.level.progress.LoggerChunkProgressListener/]: Preparing spawn area: 100%
[04Jul2026 18:24:20.777] [Server thread/INFO] [net.minecraft.server.level.progress.LoggerChunkProgressListener/]: Time elapsed: 2499 ms
[04Jul2026 18:24:20.777] [Server thread/INFO] [net.minecraft.server.dedicated.DedicatedServer/]: Done (8.208s)! For help, type "help"
[04Jul2026 18:24:20.778] [Server thread/INFO] [net.minecraft.server.dedicated.DedicatedServer/]: Starting remote control listener
[04Jul2026 18:24:20.780] [Server thread/INFO] [net.minecraft.server.rcon.thread.GenericThread/]: Thread RCON Listener started
[04Jul2026 18:24:20.780] [Server thread/INFO] [net.minecraft.server.rcon.thread.RconThread/]: RCON running on 0.0.0.0:25575
[04Jul2026 18:24:20.981] [Server thread/INFO] [com.cobblemon.mod.common.Cobblemon/]: Starting Forge permission node registry
[04Jul2026 18:24:20.982] [Server thread/INFO] [net.neoforged.neoforge.server.permission.PermissionAPI/]: Successfully initialized permission handler neoforge:default_handler
[04Jul2026 18:24:20.983] [Server thread/INFO] [Arclight/]: Forwarding forge permission[neoforge:default_handler] to bukkit
[04Jul2026 18:24:20.991] [Server thread/INFO] [net.petemc.undeadnights.UndeadNights/]: Initializing UndeadNights Mod
[04Jul2026 18:24:21.022] [Server thread/INFO] [net.cmr.jurassicrevived.JRMod/]: HELLO from server starting
[04Jul2026 18:24:21.042] [Server thread/INFO] [cyclopscore/]: Loading infobook /data/cyclopscore/info/test.xml
[04Jul2026 18:24:21.057] [Server thread/INFO] [evilcraft/]: Loading infobook /data/evilcraft/info/book.xml
[04Jul2026 18:24:21.092] [Server thread/WARN] [evilcraft/]: Invalid appendix info_book.evilcraft.second_age.tools.broom from mod evilcraft in an infobook: The broom modifier evilcraft:witherer has no valid items
[04Jul2026 18:24:21.092] [Server thread/WARN] [evilcraft/]: Invalid appendix info_book.evilcraft.second_age.tools.broom from mod evilcraft in an infobook: The broom modifier evilcraft:hungerer has no valid items
[04Jul2026 18:24:21.092] [Server thread/WARN] [evilcraft/]: Invalid appendix info_book.evilcraft.second_age.tools.broom from mod evilcraft in an infobook: The broom modifier evilcraft:kamikaze has no valid items
[04Jul2026 18:24:21.092] [Server thread/WARN] [evilcraft/]: Invalid appendix info_book.evilcraft.second_age.tools.broom from mod evilcraft in an infobook: The broom modifier evilcraft:withershield has no valid items
[04Jul2026 18:24:21.122] [Server thread/INFO] [evilcraft/]: Skipped section info_book.evilcraftcompat.mod_integrations.jei due to unsatisfied mod condition.
[04Jul2026 18:24:21.145] [Server thread/INFO] [atomicstryker.infernalmobs.common.InfernalMobsCore/]: item config parser identified itemstack 1 minecraft:iron_shovel
[04Jul2026 18:24:21.145] [Server thread/INFO] [atomicstryker.infernalmobs.common.InfernalMobsCore/]: item config parser identified itemstack 1 minecraft:iron_pickaxe
[04Jul2026 18:24:21.145] [Server thread/INFO] [atomicstryker.infernalmobs.common.InfernalMobsCore/]: item config parser identified itemstack 1 minecraft:iron_axe
[04Jul2026 18:24:21.145] [Server thread/INFO] [atomicstryker.infernalmobs.common.InfernalMobsCore/]: item config parser identified itemstack 1 minecraft:iron_sword
[04Jul2026 18:24:21.145] [Server thread/INFO] [atomicstryker.infernalmobs.common.InfernalMobsCore/]: item config parser identified itemstack 1 minecraft:iron_hoe
[04Jul2026 18:24:21.145] [Server thread/INFO] [atomicstryker.infernalmobs.common.InfernalMobsCore/]: item config parser identified itemstack 1 minecraft:chainmail_helmet
[04Jul2026 18:24:21.145] [Server thread/INFO] [atomicstryker.infernalmobs.common.InfernalMobsCore/]: item config parser identified itemstack 1 minecraft:chainmail_boots
[04Jul2026 18:24:21.145] [Server thread/INFO] [atomicstryker.infernalmobs.common.InfernalMobsCore/]: item config parser identified itemstack 1 minecraft:chainmail_chestplate
[04Jul2026 18:24:21.145] [Server thread/INFO] [atomicstryker.infernalmobs.common.InfernalMobsCore/]: item config parser identified itemstack 1 minecraft:chainmail_leggings
[04Jul2026 18:24:21.145] [Server thread/INFO] [atomicstryker.infernalmobs.common.InfernalMobsCore/]: item config parser identified itemstack 1 minecraft:iron_helmet
[04Jul2026 18:24:21.145] [Server thread/INFO] [atomicstryker.infernalmobs.common.InfernalMobsCore/]: item config parser identified itemstack 1 minecraft:iron_boots
[04Jul2026 18:24:21.145] [Server thread/INFO] [atomicstryker.infernalmobs.common.InfernalMobsCore/]: item config parser identified itemstack 1 minecraft:iron_chestplate
[04Jul2026 18:24:21.145] [Server thread/INFO] [atomicstryker.infernalmobs.common.InfernalMobsCore/]: item config parser identified itemstack 1 minecraft:iron_leggings
[04Jul2026 18:24:21.145] [Server thread/INFO] [atomicstryker.infernalmobs.common.InfernalMobsCore/]: item config parser identified itemstack 5 minecraft:cookie
[04Jul2026 18:24:21.145] [Server thread/INFO] [atomicstryker.infernalmobs.common.InfernalMobsCore/]: item config parser finished, item count: 14
[04Jul2026 18:24:21.145] [Server thread/INFO] [atomicstryker.infernalmobs.common.InfernalMobsCore/]: item config parser identified itemstack 1 minecraft:iron_hoe
[04Jul2026 18:24:21.145] [Server thread/INFO] [atomicstryker.infernalmobs.common.InfernalMobsCore/]: item config parser identified itemstack 1 minecraft:bow
[04Jul2026 18:24:21.145] [Server thread/INFO] [atomicstryker.infernalmobs.common.InfernalMobsCore/]: item config parser identified itemstack 1 minecraft:chainmail_helmet
[04Jul2026 18:24:21.145] [Server thread/INFO] [atomicstryker.infernalmobs.common.InfernalMobsCore/]: item config parser identified itemstack 1 minecraft:chainmail_boots
[04Jul2026 18:24:21.145] [Server thread/INFO] [atomicstryker.infernalmobs.common.InfernalMobsCore/]: item config parser identified itemstack 1 minecraft:chainmail_chestplate
[04Jul2026 18:24:21.145] [Server thread/INFO] [atomicstryker.infernalmobs.common.InfernalMobsCore/]: item config parser identified itemstack 1 minecraft:chainmail_leggings
[04Jul2026 18:24:21.145] [Server thread/INFO] [atomicstryker.infernalmobs.common.InfernalMobsCore/]: item config parser identified itemstack 1 minecraft:iron_helmet
[04Jul2026 18:24:21.145] [Server thread/INFO] [atomicstryker.infernalmobs.common.InfernalMobsCore/]: item config parser identified itemstack 1 minecraft:iron_boots
[04Jul2026 18:24:21.145] [Server thread/INFO] [atomicstryker.infernalmobs.common.InfernalMobsCore/]: item config parser identified itemstack 1 minecraft:iron_chestplate
[04Jul2026 18:24:21.145] [Server thread/INFO] [atomicstryker.infernalmobs.common.InfernalMobsCore/]: item config parser identified itemstack 1 minecraft:iron_leggings
[04Jul2026 18:24:21.145] [Server thread/INFO] [atomicstryker.infernalmobs.common.InfernalMobsCore/]: item config parser identified itemstack 1 minecraft:golden_helmet
[04Jul2026 18:24:21.145] [Server thread/INFO] [atomicstryker.infernalmobs.common.InfernalMobsCore/]: item config parser identified itemstack 1 minecraft:golden_boots
[04Jul2026 18:24:21.145] [Server thread/INFO] [atomicstryker.infernalmobs.common.InfernalMobsCore/]: item config parser identified itemstack 1 minecraft:golden_chestplate
[04Jul2026 18:24:21.145] [Server thread/INFO] [atomicstryker.infernalmobs.common.InfernalMobsCore/]: item config parser identified itemstack 1 minecraft:golden_leggings
[04Jul2026 18:24:21.145] [Server thread/INFO] [atomicstryker.infernalmobs.common.InfernalMobsCore/]: item config parser identified itemstack 3 minecraft:golden_apple
[04Jul2026 18:24:21.145] [Server thread/INFO] [atomicstryker.infernalmobs.common.InfernalMobsCore/]: item config parser identified itemstack 5 minecraft:blaze_powder
[04Jul2026 18:24:21.145] [Server thread/INFO] [atomicstryker.infernalmobs.common.InfernalMobsCore/]: item config parser identified itemstack 1 minecraft:enchanted_book
[04Jul2026 18:24:21.145] [Server thread/INFO] [atomicstryker.infernalmobs.common.InfernalMobsCore/]: item config parser finished, item count: 17
[04Jul2026 18:24:21.145] [Server thread/INFO] [atomicstryker.infernalmobs.common.InfernalMobsCore/]: item config parser identified itemstack 1 minecraft:enchanted_book
[04Jul2026 18:24:21.145] [Server thread/INFO] [atomicstryker.infernalmobs.common.InfernalMobsCore/]: item config parser identified itemstack 3 minecraft:diamond
[04Jul2026 18:24:21.145] [Server thread/INFO] [atomicstryker.infernalmobs.common.InfernalMobsCore/]: item config parser identified itemstack 1 minecraft:diamond_sword
[04Jul2026 18:24:21.145] [Server thread/INFO] [atomicstryker.infernalmobs.common.InfernalMobsCore/]: item config parser identified itemstack 1 minecraft:diamond_axe
[04Jul2026 18:24:21.145] [Server thread/INFO] [atomicstryker.infernalmobs.common.InfernalMobsCore/]: item config parser identified itemstack 1 minecraft:diamond_hoe
[04Jul2026 18:24:21.145] [Server thread/INFO] [atomicstryker.infernalmobs.common.InfernalMobsCore/]: item config parser identified itemstack 1 minecraft:diamond_pickaxe
[04Jul2026 18:24:21.145] [Server thread/INFO] [atomicstryker.infernalmobs.common.InfernalMobsCore/]: item config parser identified itemstack 1 minecraft:diamond_shovel
[04Jul2026 18:24:21.145] [Server thread/INFO] [atomicstryker.infernalmobs.common.InfernalMobsCore/]: item config parser identified itemstack 1 minecraft:chainmail_helmet
[04Jul2026 18:24:21.145] [Server thread/INFO] [atomicstryker.infernalmobs.common.InfernalMobsCore/]: item config parser identified itemstack 1 minecraft:chainmail_boots
[04Jul2026 18:24:21.145] [Server thread/INFO] [atomicstryker.infernalmobs.common.InfernalMobsCore/]: item config parser identified itemstack 1 minecraft:chainmail_chestplate
[04Jul2026 18:24:21.145] [Server thread/INFO] [atomicstryker.infernalmobs.common.InfernalMobsCore/]: item config parser identified itemstack 1 minecraft:chainmail_leggings
[04Jul2026 18:24:21.145] [Server thread/INFO] [atomicstryker.infernalmobs.common.InfernalMobsCore/]: item config parser identified itemstack 1 minecraft:diamond_helmet
[04Jul2026 18:24:21.145] [Server thread/INFO] [atomicstryker.infernalmobs.common.InfernalMobsCore/]: item config parser identified itemstack 1 minecraft:diamond_boots
[04Jul2026 18:24:21.145] [Server thread/INFO] [atomicstryker.infernalmobs.common.InfernalMobsCore/]: item config parser identified itemstack 1 minecraft:diamond_chestplate
[04Jul2026 18:24:21.145] [Server thread/INFO] [atomicstryker.infernalmobs.common.InfernalMobsCore/]: item config parser identified itemstack 1 minecraft:diamond_leggings
[04Jul2026 18:24:21.145] [Server thread/INFO] [atomicstryker.infernalmobs.common.InfernalMobsCore/]: item config parser identified itemstack 3 minecraft:ender_pearl
[04Jul2026 18:24:21.145] [Server thread/INFO] [atomicstryker.infernalmobs.common.InfernalMobsCore/]: item config parser finished, item count: 16
[04Jul2026 18:24:21.145] [Server thread/INFO] [atomicstryker.infernalmobs.common.InfernalMobsCore/]: InfernalMobsCore commonSetup completed! Modifiers ready: 28
[04Jul2026 18:24:21.145] [Server thread/INFO] [atomicstryker.infernalmobs.common.InfernalMobsCore/]: InfernalMobsCore commonSetup completed! config file at: C:\Users\buceda\Documents\GitHub\plomeros\plomeros-mc\config\infernalmobs.cfg
[04Jul2026 18:24:21.146] [Server thread/INFO] [sgui/]: Server GUI (SGui) started!
[04Jul2026 18:24:21.146] [Server thread/INFO] [Silent Gear/]: Traits loaded: 75
[04Jul2026 18:24:21.146] [Server thread/INFO] [Silent Gear/]: Parts loaded: 48
[04Jul2026 18:24:21.146] [Server thread/INFO] [Silent Gear/]: - Compound: 48
[04Jul2026 18:24:21.146] [Server thread/INFO] [Silent Gear/]: - Simple: 0
[04Jul2026 18:24:21.146] [Server thread/INFO] [Silent Gear/]: Materials loaded: 132
[04Jul2026 18:24:21.146] [Server thread/INFO] [Silent Gear/]: - Standard: 124
[04Jul2026 18:24:21.167] [Server thread/WARN] [Arclight/EXT_LOGIC]: Level class net.mehvahdjukaar.supplementaries.common.utils.fake_level.BlockTestLevel treated as logic world: false
[04Jul2026 18:24:21.218] [Server thread/WARN] [Arclight/]: Assign minecraft:server_faucet_test_level to unknown level stem LevelStem[type=Reference{ResourceKey[minecraft:dimension_type / minecraft:overworld]=DimensionType[fixedTime=OptionalLong.empty, hasSkyLight=true, hasCeiling=false, ultraWarm=false, natural=true, coordinateScale=1.0, bedWorks=true, respawnAnchorWorks=false, minY=-64, height=384, logicalHeight=384, infiniburn=TagKey[minecraft:block / minecraft:infiniburn_overworld], effectsLocation=minecraft:overworld, ambientLight=0.0, monsterSettings=MonsterSettings[piglinSafe=false, hasRaids=true, monsterSpawnLightTest=[0-7], monsterSpawnBlockLightLimit=0]]}, generator=NoiseBasedChunkGenerator (4d337e85)
    preset     = wover:normal
    noise      = minecraft:overworld
    features   = minecraft(153), evilcraft(4), repurposed_structures(20), gobber2(2), tombstone(1), modern_industrialization(20), superbwarfare(6), silentgear(3), terralith(385), born_in_chaos_v1(5), jurassicrevived(5), supplementaries(4), undead_revamp2(27), alltheores(17), mega_showdown(1), cobblemon(51)]
[04Jul2026 18:24:21.218] [Server thread/INFO] [Minecraft/]: -------- World Settings For [server_faucet_test_level] --------
[04Jul2026 18:24:21.218] [Server thread/INFO] [Minecraft/]: View Distance: 16
[04Jul2026 18:24:21.218] [Server thread/INFO] [Minecraft/]: Simulation Distance: 8
[04Jul2026 18:24:21.218] [Server thread/INFO] [Minecraft/]: Item Despawn Rate: 6000
[04Jul2026 18:24:21.218] [Server thread/INFO] [Minecraft/]: Entity Tracking Range: Pl 48 / An 48 / Mo 48 / Mi 32 / Di 128 / Other 64
[04Jul2026 18:24:21.218] [Server thread/INFO] [Minecraft/]: Nerfing mobs spawned from spawners: false
[04Jul2026 18:24:21.218] [Server thread/INFO] [Minecraft/]: Item Merge Radius: 2.5
[04Jul2026 18:24:21.220] [Server thread/INFO] [Minecraft/]: Entity Activation Range: An 32 / Mo 32 / Ra 48 / Mi 16 / Tiv true / Isa false
[04Jul2026 18:24:21.220] [Server thread/INFO] [Minecraft/]: Zombie Aggressive Towards Villager: true
[04Jul2026 18:24:21.220] [Server thread/INFO] [Minecraft/]: Allow Zombie Pigmen to spawn from portal blocks: true
[04Jul2026 18:24:21.220] [Server thread/INFO] [Minecraft/]: Experience Merge Radius: 3.0
[04Jul2026 18:24:21.220] [Server thread/INFO] [Minecraft/]: Hopper Transfer: 8 Hopper Check: 1 Hopper Amount: 1 Hopper Can Load Chunks: false
[04Jul2026 18:24:21.220] [Server thread/INFO] [Minecraft/]: Cactus Growth Modifier: 100%
[04Jul2026 18:24:21.220] [Server thread/INFO] [Minecraft/]: Cane Growth Modifier: 100%
[04Jul2026 18:24:21.220] [Server thread/INFO] [Minecraft/]: Melon Growth Modifier: 100%
[04Jul2026 18:24:21.220] [Server thread/INFO] [Minecraft/]: Mushroom Growth Modifier: 100%
[04Jul2026 18:24:21.220] [Server thread/INFO] [Minecraft/]: Pumpkin Growth Modifier: 100%
[04Jul2026 18:24:21.220] [Server thread/INFO] [Minecraft/]: Sapling Growth Modifier: 100%
[04Jul2026 18:24:21.220] [Server thread/INFO] [Minecraft/]: Beetroot Growth Modifier: 100%
[04Jul2026 18:24:21.220] [Server thread/INFO] [Minecraft/]: Carrot Growth Modifier: 100%
[04Jul2026 18:24:21.220] [Server thread/INFO] [Minecraft/]: Potato Growth Modifier: 100%
[04Jul2026 18:24:21.220] [Server thread/INFO] [Minecraft/]: Wheat Growth Modifier: 100%
[04Jul2026 18:24:21.220] [Server thread/INFO] [Minecraft/]: NetherWart Growth Modifier: 100%
[04Jul2026 18:24:21.220] [Server thread/INFO] [Minecraft/]: Vine Growth Modifier: 100%
[04Jul2026 18:24:21.220] [Server thread/INFO] [Minecraft/]: Cocoa Growth Modifier: 100%
[04Jul2026 18:24:21.220] [Server thread/INFO] [Minecraft/]: Bamboo Growth Modifier: 100%
[04Jul2026 18:24:21.220] [Server thread/INFO] [Minecraft/]: SweetBerry Growth Modifier: 100%
[04Jul2026 18:24:21.220] [Server thread/INFO] [Minecraft/]: Kelp Growth Modifier: 100%
[04Jul2026 18:24:21.220] [Server thread/INFO] [Minecraft/]: TwistingVines Growth Modifier: 100%
[04Jul2026 18:24:21.220] [Server thread/INFO] [Minecraft/]: WeepingVines Growth Modifier: 100%
[04Jul2026 18:24:21.220] [Server thread/INFO] [Minecraft/]: CaveVines Growth Modifier: 100%
[04Jul2026 18:24:21.220] [Server thread/INFO] [Minecraft/]: Mob Spawn Range: 6
[04Jul2026 18:24:21.220] [Server thread/INFO] [Minecraft/]: Custom Map Seeds:  Village: 10387312 Desert: 14357617 Igloo: 14357618 Jungle: 14357619 Swamp: 14357620 Monument: 10387313 Ocean: 14357621 Shipwreck: 165745295 End City: 10387313 Slime: 987234911 Nether: 30084232 Mansion: 10387319 Fossil: 14357921 Portal: 34222645
[04Jul2026 18:24:21.220] [Server thread/INFO] [Minecraft/]: Arrow Despawn Rate: 1200 Trident Respawn Rate:1200
[04Jul2026 18:24:21.220] [Server thread/INFO] [Minecraft/]: Max TNT Explosions: 100
[04Jul2026 18:24:21.220] [Server thread/INFO] [Minecraft/]: Tile Max Tick Time: 50ms Entity max Tick Time: 50ms
[04Jul2026 18:24:21.422] [Server thread/WARN] [Arclight/EXT_LOGIC]: Level class net.mehvahdjukaar.supplementaries.common.utils.fake_level.IEntityInterceptFakeLevel$ServerSide treated as logic world: false
[04Jul2026 18:24:21.642] [Server thread/WARN] [Arclight/]: Assign minecraft:server_projectile_test_level to unknown level stem LevelStem[type=Reference{ResourceKey[minecraft:dimension_type / minecraft:overworld]=DimensionType[fixedTime=OptionalLong.empty, hasSkyLight=true, hasCeiling=false, ultraWarm=false, natural=true, coordinateScale=1.0, bedWorks=true, respawnAnchorWorks=false, minY=-64, height=384, logicalHeight=384, infiniburn=TagKey[minecraft:block / minecraft:infiniburn_overworld], effectsLocation=minecraft:overworld, ambientLight=0.0, monsterSettings=MonsterSettings[piglinSafe=false, hasRaids=true, monsterSpawnLightTest=[0-7], monsterSpawnBlockLightLimit=0]]}, generator=NoiseBasedChunkGenerator (4d337e85)
    preset     = wover:normal
    noise      = minecraft:overworld
    features   = minecraft(153), evilcraft(4), repurposed_structures(20), gobber2(2), tombstone(1), modern_industrialization(20), superbwarfare(6), silentgear(3), terralith(385), born_in_chaos_v1(5), jurassicrevived(5), supplementaries(4), undead_revamp2(27), alltheores(17), mega_showdown(1), cobblemon(51)]
[04Jul2026 18:24:21.642] [Server thread/INFO] [Minecraft/]: -------- World Settings For [server_projectile_test_level] --------
[04Jul2026 18:24:21.642] [Server thread/INFO] [Minecraft/]: View Distance: 16
[04Jul2026 18:24:21.642] [Server thread/INFO] [Minecraft/]: Simulation Distance: 8
[04Jul2026 18:24:21.642] [Server thread/INFO] [Minecraft/]: Item Despawn Rate: 6000
[04Jul2026 18:24:21.642] [Server thread/INFO] [Minecraft/]: Entity Tracking Range: Pl 48 / An 48 / Mo 48 / Mi 32 / Di 128 / Other 64
[04Jul2026 18:24:21.642] [Server thread/INFO] [Minecraft/]: Nerfing mobs spawned from spawners: false
[04Jul2026 18:24:21.642] [Server thread/INFO] [Minecraft/]: Item Merge Radius: 2.5
[04Jul2026 18:24:21.642] [Server thread/INFO] [Minecraft/]: Entity Activation Range: An 32 / Mo 32 / Ra 48 / Mi 16 / Tiv true / Isa false
[04Jul2026 18:24:21.642] [Server thread/INFO] [Minecraft/]: Zombie Aggressive Towards Villager: true
[04Jul2026 18:24:21.642] [Server thread/INFO] [Minecraft/]: Allow Zombie Pigmen to spawn from portal blocks: true
[04Jul2026 18:24:21.642] [Server thread/INFO] [Minecraft/]: Experience Merge Radius: 3.0
[04Jul2026 18:24:21.642] [Server thread/INFO] [Minecraft/]: Hopper Transfer: 8 Hopper Check: 1 Hopper Amount: 1 Hopper Can Load Chunks: false
[04Jul2026 18:24:21.642] [Server thread/INFO] [Minecraft/]: Cactus Growth Modifier: 100%
[04Jul2026 18:24:21.642] [Server thread/INFO] [Minecraft/]: Cane Growth Modifier: 100%
[04Jul2026 18:24:21.642] [Server thread/INFO] [Minecraft/]: Melon Growth Modifier: 100%
[04Jul2026 18:24:21.642] [Server thread/INFO] [Minecraft/]: Mushroom Growth Modifier: 100%
[04Jul2026 18:24:21.642] [Server thread/INFO] [Minecraft/]: Pumpkin Growth Modifier: 100%
[04Jul2026 18:24:21.642] [Server thread/INFO] [Minecraft/]: Sapling Growth Modifier: 100%
[04Jul2026 18:24:21.642] [Server thread/INFO] [Minecraft/]: Beetroot Growth Modifier: 100%
[04Jul2026 18:24:21.642] [Server thread/INFO] [Minecraft/]: Carrot Growth Modifier: 100%
[04Jul2026 18:24:21.642] [Server thread/INFO] [Minecraft/]: Potato Growth Modifier: 100%
[04Jul2026 18:24:21.642] [Server thread/INFO] [Minecraft/]: Wheat Growth Modifier: 100%
[04Jul2026 18:24:21.642] [Server thread/INFO] [Minecraft/]: NetherWart Growth Modifier: 100%
[04Jul2026 18:24:21.642] [Server thread/INFO] [Minecraft/]: Vine Growth Modifier: 100%
[04Jul2026 18:24:21.642] [Server thread/INFO] [Minecraft/]: Cocoa Growth Modifier: 100%
[04Jul2026 18:24:21.642] [Server thread/INFO] [Minecraft/]: Bamboo Growth Modifier: 100%
[04Jul2026 18:24:21.642] [Server thread/INFO] [Minecraft/]: SweetBerry Growth Modifier: 100%
[04Jul2026 18:24:21.642] [Server thread/INFO] [Minecraft/]: Kelp Growth Modifier: 100%
[04Jul2026 18:24:21.642] [Server thread/INFO] [Minecraft/]: TwistingVines Growth Modifier: 100%
[04Jul2026 18:24:21.642] [Server thread/INFO] [Minecraft/]: WeepingVines Growth Modifier: 100%
[04Jul2026 18:24:21.642] [Server thread/INFO] [Minecraft/]: CaveVines Growth Modifier: 100%
[04Jul2026 18:24:21.642] [Server thread/INFO] [Minecraft/]: Mob Spawn Range: 6
[04Jul2026 18:24:21.642] [Server thread/INFO] [Minecraft/]: Custom Map Seeds:  Village: 10387312 Desert: 14357617 Igloo: 14357618 Jungle: 14357619 Swamp: 14357620 Monument: 10387313 Ocean: 14357621 Shipwreck: 165745295 End City: 10387313 Slime: 987234911 Nether: 30084232 Mansion: 10387319 Fossil: 14357921 Portal: 34222645
[04Jul2026 18:24:21.642] [Server thread/INFO] [Minecraft/]: Arrow Despawn Rate: 1200 Trident Respawn Rate:1200
[04Jul2026 18:24:21.642] [Server thread/INFO] [Minecraft/]: Max TNT Explosions: 100
[04Jul2026 18:24:21.642] [Server thread/INFO] [Minecraft/]: Tile Max Tick Time: 50ms Entity max Tick Time: 50ms
[04Jul2026 18:24:21.664] [Server thread/INFO] [com.cobblemon.mod.common.Cobblemon/]: Optimizing spawn pools...
[04Jul2026 18:24:21.853] [Server thread/INFO] [cobblemon-battle-extras/]: [BattleExtras] Loaded server config from C:\Users\buceda\Documents\GitHub\plomeros\plomeros-mc\config\cobblemon-battle-extras-server.json
[04Jul2026 18:24:21.892] [Craft Scheduler Thread - 3/INFO] [Essentials/]: Fetching version information...
[04Jul2026 18:24:22.216] [Craft Scheduler Thread - 1/INFO] [Console/]: [33;1m[[32;22mSkinsRestorer[33;1m] [0;39m[32;1m----------------------------------------------[0;39m
[04Jul2026 18:24:22.216] [Craft Scheduler Thread - 1/INFO] [Console/]: [33;1m[[32;22mSkinsRestorer[33;1m] [0;39m[32;1m    +===================+[0;39m
[04Jul2026 18:24:22.216] [Craft Scheduler Thread - 1/INFO] [Console/]: [33;1m[[32;22mSkinsRestorer[33;1m] [0;39m[32;1m    |   SkinsRestorer   |[0;39m
[04Jul2026 18:24:22.216] [Craft Scheduler Thread - 1/INFO] [Console/]: [33;1m[[32;22mSkinsRestorer[33;1m] [0;39m[32;1m    |-------------------|[0;39m
[04Jul2026 18:24:22.216] [Craft Scheduler Thread - 1/INFO] [Console/]: [33;1m[[32;22mSkinsRestorer[33;1m] [0;39m[32;1m    |  [34;1m[4m[21mStandalone Mode[0;39m[32;1m  |[0;39m
[04Jul2026 18:24:22.216] [Craft Scheduler Thread - 1/INFO] [Console/]: [33;1m[[32;22mSkinsRestorer[33;1m] [0;39m[32;1m    +===================+[0;39m
[04Jul2026 18:24:22.216] [Craft Scheduler Thread - 1/INFO] [Console/]: [33;1m[[32;22mSkinsRestorer[33;1m] [0;39m[32;1m----------------------------------------------[0;39m
[04Jul2026 18:24:22.216] [Craft Scheduler Thread - 1/INFO] [Console/]: [33;1m[[32;22mSkinsRestorer[33;1m] [0;39m[36;1m    Version: [32;1m15.12.4[0;39m
[04Jul2026 18:24:22.216] [Craft Scheduler Thread - 1/INFO] [Console/]: [33;1m[[32;22mSkinsRestorer[33;1m] [0;39m[36;1m    Commit: [32;1ma5b2c20[0;39m
[04Jul2026 18:24:22.217] [Craft Scheduler Thread - 1/INFO] [Console/]: [33;1m[[32;22mSkinsRestorer[33;1m] [0;39m[32;1m    This is the latest version![0;39m
[04Jul2026 18:24:22.217] [Craft Scheduler Thread - 1/INFO] [Console/]: [33;1m[[32;22mSkinsRestorer[33;1m] [0;39m[32;1m----------------------------------------------[0;39m
[04Jul2026 18:24:22.217] [Craft Scheduler Thread - 1/INFO] [Console/]: [33;1m[[32;22mSkinsRestorer[33;1m] [0;39m[34;1mDo you have issues? Read our troubleshooting guide: [33;1mhttps://skinsrestorer.net/docs/troubleshooting[0;39m
[04Jul2026 18:24:22.217] [Craft Scheduler Thread - 1/INFO] [Console/]: [33;1m[[32;22mSkinsRestorer[33;1m] [0;39m[34;1mWant to support SkinsRestorer or receive priority support? Become a supporter: [33;1mhttps://skinsrestorer.net/pricing[0;39m
[04Jul2026 18:24:57.713] [Server thread/INFO] [Console/]: Unknown command. Type "/help" for help.
[04Jul2026 18:25:02.503] [Server thread/INFO] [net.minecraft.server.MinecraftServer/]: Made kiri22 a server operator
[04Jul2026 18:29:23.485] [Server thread/INFO] [atomicstryker.ruins.common.RuinsMod/]: Ruins mod determines World Save Dir to be at: .\world\data
[04Jul2026 18:29:23.865] [Thread-25/INFO] [atomicstryker.ruins.common.RuinsMod/]: Successfully loaded template balloontest.tml with weight 7.0.
[04Jul2026 18:29:24.012] [Thread-25/INFO] [atomicstryker.ruins.common.RuinsMod/]: Successfully loaded template burrow.tml with weight 1.0.
[04Jul2026 18:29:24.042] [Thread-25/INFO] [atomicstryker.ruins.common.RuinsMod/]: Successfully loaded template castlesmall.tml with weight 1.0.
[04Jul2026 18:29:24.082] [Thread-25/INFO] [atomicstryker.ruins.common.RuinsMod/]: Successfully loaded template dungounlarge1.tml with weight 1.0.
[04Jul2026 18:29:24.090] [Thread-25/INFO] [atomicstryker.ruins.common.RuinsMod/]: Successfully loaded template fountain.tml with weight 1.0.
[04Jul2026 18:29:24.101] [Server thread/INFO] [atomicstryker.ruins.common.RuinsMod/]: Ruins mod determines World Save Dir to be at: .\world\DIM1\data
[04Jul2026 18:29:24.107] [Thread-27/INFO] [atomicstryker.ruins.common.RuinsMod/]: Successfully loaded template balloontest.tml with weight 7.0.
[04Jul2026 18:29:24.108] [Thread-25/INFO] [atomicstryker.ruins.common.RuinsMod/]: Successfully loaded template largemodern.tml with weight 1.0.
[04Jul2026 18:29:24.121] [Thread-25/INFO] [atomicstryker.ruins.common.RuinsMod/]: Successfully loaded template mininghut.tml with weight 1.0.
[04Jul2026 18:29:24.127] [Thread-27/INFO] [atomicstryker.ruins.common.RuinsMod/]: Successfully loaded template castlesmall.tml with weight 1.0.
[04Jul2026 18:29:24.146] [Thread-27/INFO] [atomicstryker.ruins.common.RuinsMod/]: Successfully loaded template fountain.tml with weight 1.0.
[04Jul2026 18:29:24.153] [Thread-27/INFO] [atomicstryker.ruins.common.RuinsMod/]: Successfully loaded template mininghut.tml with weight 1.0.
[04Jul2026 18:29:24.175] [Thread-25/INFO] [atomicstryker.ruins.common.RuinsMod/]: Successfully loaded template pirateship1.tml with weight 6.0.
[04Jul2026 18:29:24.175] [Thread-27/INFO] [atomicstryker.ruins.common.RuinsMod/]: Successfully loaded template pirateship1.tml with weight 6.0.
[04Jul2026 18:29:24.190] [Thread-25/INFO] [atomicstryker.ruins.common.RuinsMod/]: Successfully loaded template randombigruin.tml with weight 1.0.
[04Jul2026 18:29:24.201] [Thread-25/INFO] [atomicstryker.ruins.common.RuinsMod/]: Successfully loaded template randomenchantmenthut.tml with weight 2.0.
[04Jul2026 18:29:24.202] [Thread-27/INFO] [atomicstryker.ruins.common.RuinsMod/]: Successfully loaded template randomenchantmenthut.tml with weight 2.0.
[04Jul2026 18:29:24.210] [Thread-25/INFO] [atomicstryker.ruins.common.RuinsMod/]: Successfully loaded template randomoreveinsmall.tml with weight 3.0.
[04Jul2026 18:29:24.219] [Thread-25/INFO] [atomicstryker.ruins.common.RuinsMod/]: Successfully loaded template randomplants.tml with weight 1.0.
[04Jul2026 18:29:24.227] [Thread-25/INFO] [atomicstryker.ruins.common.RuinsMod/]: Successfully loaded template randomruins2.tml with weight 1.0.
[04Jul2026 18:29:24.237] [Thread-25/INFO] [atomicstryker.ruins.common.RuinsMod/]: Successfully loaded template randomruinsmall1.tml with weight 1.0.
[04Jul2026 18:29:24.245] [Thread-25/INFO] [atomicstryker.ruins.common.RuinsMod/]: Successfully loaded template ruinedbuilding.tml with weight 1.0.
[04Jul2026 18:29:24.251] [Server thread/INFO] [atomicstryker.ruins.common.RuinsMod/]: Ruins mod determines World Save Dir to be at: .\world\dimensions\mahoutsukai\reality_marble\data
[04Jul2026 18:29:24.257] [Thread-25/INFO] [atomicstryker.ruins.common.RuinsMod/]: Successfully loaded template skeletontowermedium.tml with weight 1.0.
[04Jul2026 18:29:24.258] [Thread-29/INFO] [atomicstryker.ruins.common.RuinsMod/]: Successfully loaded template balloontest.tml with weight 7.0.
[04Jul2026 18:29:24.277] [Thread-25/INFO] [atomicstryker.ruins.common.RuinsMod/]: Successfully loaded template smallcastleruin.tml with weight 1.0.
[04Jul2026 18:29:24.285] [Thread-29/INFO] [atomicstryker.ruins.common.RuinsMod/]: Successfully loaded template castlesmall.tml with weight 1.0.
[04Jul2026 18:29:24.289] [Thread-25/INFO] [atomicstryker.ruins.common.RuinsMod/]: Successfully loaded template smallspiderhouse.tml with weight 1.0.
[04Jul2026 18:29:24.299] [Thread-25/INFO] [atomicstryker.ruins.common.RuinsMod/]: Successfully loaded template tikihead1.tml with weight 1.0.
[04Jul2026 18:29:24.307] [Thread-25/INFO] [atomicstryker.ruins.common.RuinsMod/]: Successfully loaded template tikihead2.tml with weight 1.0.
[04Jul2026 18:29:24.308] [Thread-29/INFO] [atomicstryker.ruins.common.RuinsMod/]: Successfully loaded template fountain.tml with weight 1.0.
[04Jul2026 18:29:24.315] [Thread-29/INFO] [atomicstryker.ruins.common.RuinsMod/]: Successfully loaded template mininghut.tml with weight 1.0.
[04Jul2026 18:29:24.315] [Thread-25/INFO] [atomicstryker.ruins.common.RuinsMod/]: Successfully loaded template tikihead3.tml with weight 1.0.
[04Jul2026 18:29:24.328] [Thread-29/INFO] [atomicstryker.ruins.common.RuinsMod/]: Successfully loaded template pirateship1.tml with weight 6.0.
[04Jul2026 18:29:24.329] [Thread-25/INFO] [atomicstryker.ruins.common.RuinsMod/]: Successfully loaded template witherworshipers.tml with weight 1.0.
[04Jul2026 18:29:24.329] [Thread-27/INFO] [atomicstryker.ruins.common.RuinsMod/]: Successfully loaded template witherworshipers.tml with weight 1.0.
[04Jul2026 18:29:24.332] [Thread-29/INFO] [atomicstryker.ruins.common.RuinsMod/]: Successfully loaded template randomenchantmenthut.tml with weight 2.0.
[04Jul2026 18:29:24.341] [Thread-25/INFO] [atomicstryker.ruins.common.RuinsMod/]: Successfully loaded template ZombieHut.tml with weight 1.0.
[04Jul2026 18:29:24.360] [Thread-25/INFO] [atomicstryker.ruins.common.RuinsMod/]: Did not find any Building data for C:\Users\buceda\Documents\GitHub\plomeros\plomeros-mc\config\ruins_config\cave\diorite_caves, creating empty folder for it: failed
[04Jul2026 18:29:24.360] [Thread-27/INFO] [atomicstryker.ruins.common.RuinsMod/]: Did not find any Building data for C:\Users\buceda\Documents\GitHub\plomeros\plomeros-mc\config\ruins_config\cave\diorite_caves, creating empty folder for it: failed
[04Jul2026 18:29:24.364] [Thread-25/INFO] [atomicstryker.ruins.common.RuinsMod/]: Did not find any Building data for C:\Users\buceda\Documents\GitHub\plomeros\plomeros-mc\config\ruins_config\cave\mantle_caves, creating empty folder for it: failed
[04Jul2026 18:29:24.364] [Thread-27/INFO] [atomicstryker.ruins.common.RuinsMod/]: Did not find any Building data for C:\Users\buceda\Documents\GitHub\plomeros\plomeros-mc\config\ruins_config\cave\mantle_caves, creating empty folder for it: failed
[04Jul2026 18:29:24.369] [Thread-29/INFO] [atomicstryker.ruins.common.RuinsMod/]: Successfully loaded template witherworshipers.tml with weight 1.0.
[04Jul2026 18:29:24.371] [Thread-29/INFO] [atomicstryker.ruins.common.RuinsMod/]: Did not find any Building data for C:\Users\buceda\Documents\GitHub\plomeros\plomeros-mc\config\ruins_config\cave\diorite_caves, creating empty folder for it: failed
[04Jul2026 18:29:24.372] [Thread-29/INFO] [atomicstryker.ruins.common.RuinsMod/]: Did not find any Building data for C:\Users\buceda\Documents\GitHub\plomeros\plomeros-mc\config\ruins_config\cave\mantle_caves, creating empty folder for it: failed
[04Jul2026 18:29:24.393] [Thread-27/INFO] [atomicstryker.ruins.common.RuinsMod/]: Did not find any Building data for C:\Users\buceda\Documents\GitHub\plomeros\plomeros-mc\config\ruins_config\cave\thermal_caves, creating empty folder for it: failed
[04Jul2026 18:29:24.393] [Thread-25/INFO] [atomicstryker.ruins.common.RuinsMod/]: Did not find any Building data for C:\Users\buceda\Documents\GitHub\plomeros\plomeros-mc\config\ruins_config\cave\thermal_caves, creating empty folder for it: failed
[04Jul2026 18:29:24.393] [Thread-29/INFO] [atomicstryker.ruins.common.RuinsMod/]: Did not find any Building data for C:\Users\buceda\Documents\GitHub\plomeros\plomeros-mc\config\ruins_config\cave\thermal_caves, creating empty folder for it: failed
[04Jul2026 18:29:24.410] [Thread-29/INFO] [atomicstryker.ruins.common.RuinsMod/]: Did not find any Building data for C:\Users\buceda\Documents\GitHub\plomeros\plomeros-mc\config\ruins_config\cave\infested_caves, creating empty folder for it: failed
[04Jul2026 18:29:24.410] [Thread-25/INFO] [atomicstryker.ruins.common.RuinsMod/]: Did not find any Building data for C:\Users\buceda\Documents\GitHub\plomeros\plomeros-mc\config\ruins_config\cave\infested_caves, creating empty folder for it: failed
[04Jul2026 18:29:24.410] [Thread-27/INFO] [atomicstryker.ruins.common.RuinsMod/]: Did not find any Building data for C:\Users\buceda\Documents\GitHub\plomeros\plomeros-mc\config\ruins_config\cave\infested_caves, creating empty folder for it: failed
[04Jul2026 18:29:24.415] [Thread-27/INFO] [atomicstryker.ruins.common.RuinsMod/]: Did not find any Building data for C:\Users\buceda\Documents\GitHub\plomeros\plomeros-mc\config\ruins_config\cave\granite_caves, creating empty folder for it: failed
[04Jul2026 18:29:24.415] [Thread-25/INFO] [atomicstryker.ruins.common.RuinsMod/]: Did not find any Building data for C:\Users\buceda\Documents\GitHub\plomeros\plomeros-mc\config\ruins_config\cave\granite_caves, creating empty folder for it: failed
[04Jul2026 18:29:24.415] [Thread-29/INFO] [atomicstryker.ruins.common.RuinsMod/]: Did not find any Building data for C:\Users\buceda\Documents\GitHub\plomeros\plomeros-mc\config\ruins_config\cave\granite_caves, creating empty folder for it: failed
[04Jul2026 18:29:24.416] [Thread-27/INFO] [atomicstryker.ruins.common.RuinsMod/]: Did not find any Building data for C:\Users\buceda\Documents\GitHub\plomeros\plomeros-mc\config\ruins_config\cave\frostfire_caves, creating empty folder for it: failed
[04Jul2026 18:29:24.416] [Thread-29/INFO] [atomicstryker.ruins.common.RuinsMod/]: Did not find any Building data for C:\Users\buceda\Documents\GitHub\plomeros\plomeros-mc\config\ruins_config\cave\frostfire_caves, creating empty folder for it: failed
[04Jul2026 18:29:24.416] [Thread-25/INFO] [atomicstryker.ruins.common.RuinsMod/]: Did not find any Building data for C:\Users\buceda\Documents\GitHub\plomeros\plomeros-mc\config\ruins_config\cave\frostfire_caves, creating empty folder for it: failed
[04Jul2026 18:29:24.424] [Thread-25/INFO] [atomicstryker.ruins.common.RuinsMod/]: Did not find any Building data for C:\Users\buceda\Documents\GitHub\plomeros\plomeros-mc\config\ruins_config\cave\deep_caves, creating empty folder for it: failed
[04Jul2026 18:29:24.424] [Thread-29/INFO] [atomicstryker.ruins.common.RuinsMod/]: Did not find any Building data for C:\Users\buceda\Documents\GitHub\plomeros\plomeros-mc\config\ruins_config\cave\deep_caves, creating empty folder for it: failed
[04Jul2026 18:29:24.424] [Thread-27/INFO] [atomicstryker.ruins.common.RuinsMod/]: Did not find any Building data for C:\Users\buceda\Documents\GitHub\plomeros\plomeros-mc\config\ruins_config\cave\deep_caves, creating empty folder for it: failed
[04Jul2026 18:29:24.455] [Thread-27/INFO] [atomicstryker.ruins.common.RuinsMod/]: Did not find any Building data for C:\Users\buceda\Documents\GitHub\plomeros\plomeros-mc\config\ruins_config\cave\underground_jungle, creating empty folder for it: failed
[04Jul2026 18:29:24.455] [Thread-25/INFO] [atomicstryker.ruins.common.RuinsMod/]: Did not find any Building data for C:\Users\buceda\Documents\GitHub\plomeros\plomeros-mc\config\ruins_config\cave\underground_jungle, creating empty folder for it: failed
[04Jul2026 18:29:24.455] [Thread-29/INFO] [atomicstryker.ruins.common.RuinsMod/]: Did not find any Building data for C:\Users\buceda\Documents\GitHub\plomeros\plomeros-mc\config\ruins_config\cave\underground_jungle, creating empty folder for it: failed
[04Jul2026 18:29:24.460] [Thread-27/INFO] [atomicstryker.ruins.common.RuinsMod/]: Did not find any Building data for C:\Users\buceda\Documents\GitHub\plomeros\plomeros-mc\config\ruins_config\cave\fungal_caves, creating empty folder for it: failed
[04Jul2026 18:29:24.460] [Thread-25/INFO] [atomicstryker.ruins.common.RuinsMod/]: Did not find any Building data for C:\Users\buceda\Documents\GitHub\plomeros\plomeros-mc\config\ruins_config\cave\fungal_caves, creating empty folder for it: failed
[04Jul2026 18:29:24.460] [Thread-29/INFO] [atomicstryker.ruins.common.RuinsMod/]: Did not find any Building data for C:\Users\buceda\Documents\GitHub\plomeros\plomeros-mc\config\ruins_config\cave\fungal_caves, creating empty folder for it: failed
[04Jul2026 18:29:24.465] [Thread-29/INFO] [atomicstryker.ruins.common.RuinsMod/]: Did not find any Building data for C:\Users\buceda\Documents\GitHub\plomeros\plomeros-mc\config\ruins_config\cave\andesite_caves, creating empty folder for it: failed
[04Jul2026 18:29:24.465] [Thread-27/INFO] [atomicstryker.ruins.common.RuinsMod/]: Did not find any Building data for C:\Users\buceda\Documents\GitHub\plomeros\plomeros-mc\config\ruins_config\cave\andesite_caves, creating empty folder for it: failed
[04Jul2026 18:29:24.465] [Thread-25/INFO] [atomicstryker.ruins.common.RuinsMod/]: Did not find any Building data for C:\Users\buceda\Documents\GitHub\plomeros\plomeros-mc\config\ruins_config\cave\andesite_caves, creating empty folder for it: failed
[04Jul2026 18:29:24.472] [Thread-27/INFO] [atomicstryker.ruins.common.RuinsMod/]: Did not find any Building data for C:\Users\buceda\Documents\GitHub\plomeros\plomeros-mc\config\ruins_config\cave\tuff_caves, creating empty folder for it: failed
[04Jul2026 18:29:24.472] [Thread-29/INFO] [atomicstryker.ruins.common.RuinsMod/]: Did not find any Building data for C:\Users\buceda\Documents\GitHub\plomeros\plomeros-mc\config\ruins_config\cave\tuff_caves, creating empty folder for it: failed
[04Jul2026 18:29:24.472] [Thread-25/INFO] [atomicstryker.ruins.common.RuinsMod/]: Did not find any Building data for C:\Users\buceda\Documents\GitHub\plomeros\plomeros-mc\config\ruins_config\cave\tuff_caves, creating empty folder for it: failed
[04Jul2026 18:29:24.474] [Thread-25/INFO] [atomicstryker.ruins.common.RuinsMod/]: Loading options from: C:\Users\buceda\Documents\GitHub\plomeros\plomeros-mc\world\data
[04Jul2026 18:29:24.474] [Thread-27/INFO] [atomicstryker.ruins.common.RuinsMod/]: Loading options from: C:\Users\buceda\Documents\GitHub\plomeros\plomeros-mc\world\DIM1\data
[04Jul2026 18:29:24.476] [Thread-29/INFO] [atomicstryker.ruins.common.RuinsMod/]: Loading options from: C:\Users\buceda\Documents\GitHub\plomeros\plomeros-mc\world\dimensions\mahoutsukai\reality_marble\data
[04Jul2026 18:29:24.539] [Thread-27/INFO] [atomicstryker.ruins.common.RuinsMod/]: Ruins mod loaded successfully for world .\world\DIM1\data template files: 7
[04Jul2026 18:29:24.541] [Thread-25/INFO] [atomicstryker.ruins.common.RuinsMod/]: Ruins mod loaded successfully for world .\world\data template files: 23
[04Jul2026 18:29:24.543] [Thread-29/INFO] [atomicstryker.ruins.common.RuinsMod/]: Ruins mod loaded successfully for world .\world\dimensions\mahoutsukai\reality_marble\data template files: 7
[04Jul2026 18:29:24.571] [Server thread/INFO] [atomicstryker.ruins.common.RuinsMod/]: Ruins mod determines World Save Dir to be at: .\world\dimensions\arphex\the_crawling\data
[04Jul2026 18:29:24.574] [Thread-32/INFO] [atomicstryker.ruins.common.RuinsMod/]: Successfully loaded template balloontest.tml with weight 7.0.
[04Jul2026 18:29:24.597] [Thread-32/INFO] [atomicstryker.ruins.common.RuinsMod/]: Successfully loaded template castlesmall.tml with weight 1.0.
[04Jul2026 18:29:24.619] [Thread-32/INFO] [atomicstryker.ruins.common.RuinsMod/]: Successfully loaded template fountain.tml with weight 1.0.
[04Jul2026 18:29:24.628] [Thread-32/INFO] [atomicstryker.ruins.common.RuinsMod/]: Successfully loaded template mininghut.tml with weight 1.0.
[04Jul2026 18:29:24.645] [Thread-32/INFO] [atomicstryker.ruins.common.RuinsMod/]: Successfully loaded template pirateship1.tml with weight 6.0.
[04Jul2026 18:29:24.649] [Thread-32/INFO] [atomicstryker.ruins.common.RuinsMod/]: Successfully loaded template randomenchantmenthut.tml with weight 2.0.
[04Jul2026 18:29:24.695] [Thread-32/INFO] [atomicstryker.ruins.common.RuinsMod/]: Successfully loaded template witherworshipers.tml with weight 1.0.
[04Jul2026 18:29:24.698] [Thread-32/INFO] [atomicstryker.ruins.common.RuinsMod/]: Did not find any Building data for C:\Users\buceda\Documents\GitHub\plomeros\plomeros-mc\config\ruins_config\cave\diorite_caves, creating empty folder for it: failed
[04Jul2026 18:29:24.698] [Thread-32/INFO] [atomicstryker.ruins.common.RuinsMod/]: Did not find any Building data for C:\Users\buceda\Documents\GitHub\plomeros\plomeros-mc\config\ruins_config\cave\mantle_caves, creating empty folder for it: failed
[04Jul2026 18:29:24.701] [Thread-32/INFO] [atomicstryker.ruins.common.RuinsMod/]: Did not find any Building data for C:\Users\buceda\Documents\GitHub\plomeros\plomeros-mc\config\ruins_config\cave\thermal_caves, creating empty folder for it: failed
[04Jul2026 18:29:24.702] [Thread-32/INFO] [atomicstryker.ruins.common.RuinsMod/]: Did not find any Building data for C:\Users\buceda\Documents\GitHub\plomeros\plomeros-mc\config\ruins_config\cave\infested_caves, creating empty folder for it: failed
[04Jul2026 18:29:24.703] [Thread-32/INFO] [atomicstryker.ruins.common.RuinsMod/]: Did not find any Building data for C:\Users\buceda\Documents\GitHub\plomeros\plomeros-mc\config\ruins_config\cave\granite_caves, creating empty folder for it: failed
[04Jul2026 18:29:24.703] [Thread-32/INFO] [atomicstryker.ruins.common.RuinsMod/]: Did not find any Building data for C:\Users\buceda\Documents\GitHub\plomeros\plomeros-mc\config\ruins_config\cave\frostfire_caves, creating empty folder for it: failed
[04Jul2026 18:29:24.703] [Thread-32/INFO] [atomicstryker.ruins.common.RuinsMod/]: Did not find any Building data for C:\Users\buceda\Documents\GitHub\plomeros\plomeros-mc\config\ruins_config\cave\deep_caves, creating empty folder for it: failed
[04Jul2026 18:29:24.708] [Thread-32/INFO] [atomicstryker.ruins.common.RuinsMod/]: Did not find any Building data for C:\Users\buceda\Documents\GitHub\plomeros\plomeros-mc\config\ruins_config\cave\underground_jungle, creating empty folder for it: failed
[04Jul2026 18:29:24.708] [Thread-32/INFO] [atomicstryker.ruins.common.RuinsMod/]: Did not find any Building data for C:\Users\buceda\Documents\GitHub\plomeros\plomeros-mc\config\ruins_config\cave\fungal_caves, creating empty folder for it: failed
[04Jul2026 18:29:24.709] [Thread-32/INFO] [atomicstryker.ruins.common.RuinsMod/]: Did not find any Building data for C:\Users\buceda\Documents\GitHub\plomeros\plomeros-mc\config\ruins_config\cave\andesite_caves, creating empty folder for it: failed
[04Jul2026 18:29:24.710] [Thread-32/INFO] [atomicstryker.ruins.common.RuinsMod/]: Did not find any Building data for C:\Users\buceda\Documents\GitHub\plomeros\plomeros-mc\config\ruins_config\cave\tuff_caves, creating empty folder for it: failed
[04Jul2026 18:29:24.712] [Thread-32/INFO] [atomicstryker.ruins.common.RuinsMod/]: Loading options from: C:\Users\buceda\Documents\GitHub\plomeros\plomeros-mc\world\dimensions\arphex\the_crawling\data
[04Jul2026 18:29:24.737] [Thread-32/INFO] [atomicstryker.ruins.common.RuinsMod/]: Ruins mod loaded successfully for world .\world\dimensions\arphex\the_crawling\data template files: 7
[04Jul2026 18:29:24.911] [Server thread/INFO] [atomicstryker.ruins.common.RuinsMod/]: Ruins mod determines World Save Dir to be at: .\world\dimensions\twilightforest\twilight_forest\data
[04Jul2026 18:29:24.915] [Thread-34/INFO] [atomicstryker.ruins.common.RuinsMod/]: Successfully loaded template balloontest.tml with weight 7.0.
[04Jul2026 18:29:24.933] [Thread-34/INFO] [atomicstryker.ruins.common.RuinsMod/]: Successfully loaded template castlesmall.tml with weight 1.0.
[04Jul2026 18:29:24.972] [Thread-34/INFO] [atomicstryker.ruins.common.RuinsMod/]: Successfully loaded template fountain.tml with weight 1.0.
[04Jul2026 18:29:24.979] [Thread-34/INFO] [atomicstryker.ruins.common.RuinsMod/]: Successfully loaded template mininghut.tml with weight 1.0.
[04Jul2026 18:29:24.995] [Thread-34/INFO] [atomicstryker.ruins.common.RuinsMod/]: Successfully loaded template pirateship1.tml with weight 6.0.
[04Jul2026 18:29:24.999] [Thread-34/INFO] [atomicstryker.ruins.common.RuinsMod/]: Successfully loaded template randomenchantmenthut.tml with weight 2.0.
[04Jul2026 18:29:25.041] [Thread-34/INFO] [atomicstryker.ruins.common.RuinsMod/]: Successfully loaded template witherworshipers.tml with weight 1.0.
[04Jul2026 18:29:25.043] [Thread-34/INFO] [atomicstryker.ruins.common.RuinsMod/]: Did not find any Building data for C:\Users\buceda\Documents\GitHub\plomeros\plomeros-mc\config\ruins_config\cave\diorite_caves, creating empty folder for it: failed
[04Jul2026 18:29:25.043] [Thread-34/INFO] [atomicstryker.ruins.common.RuinsMod/]: Did not find any Building data for C:\Users\buceda\Documents\GitHub\plomeros\plomeros-mc\config\ruins_config\cave\mantle_caves, creating empty folder for it: failed
[04Jul2026 18:29:25.046] [Thread-34/INFO] [atomicstryker.ruins.common.RuinsMod/]: Did not find any Building data for C:\Users\buceda\Documents\GitHub\plomeros\plomeros-mc\config\ruins_config\cave\thermal_caves, creating empty folder for it: failed
[04Jul2026 18:29:25.048] [Thread-34/INFO] [atomicstryker.ruins.common.RuinsMod/]: Did not find any Building data for C:\Users\buceda\Documents\GitHub\plomeros\plomeros-mc\config\ruins_config\cave\infested_caves, creating empty folder for it: failed
[04Jul2026 18:29:25.048] [Thread-34/INFO] [atomicstryker.ruins.common.RuinsMod/]: Did not find any Building data for C:\Users\buceda\Documents\GitHub\plomeros\plomeros-mc\config\ruins_config\cave\granite_caves, creating empty folder for it: failed
[04Jul2026 18:29:25.048] [Thread-34/INFO] [atomicstryker.ruins.common.RuinsMod/]: Did not find any Building data for C:\Users\buceda\Documents\GitHub\plomeros\plomeros-mc\config\ruins_config\cave\frostfire_caves, creating empty folder for it: failed
[04Jul2026 18:29:25.049] [Thread-34/INFO] [atomicstryker.ruins.common.RuinsMod/]: Did not find any Building data for C:\Users\buceda\Documents\GitHub\plomeros\plomeros-mc\config\ruins_config\cave\deep_caves, creating empty folder for it: failed
[04Jul2026 18:29:25.053] [Thread-34/INFO] [atomicstryker.ruins.common.RuinsMod/]: Did not find any Building data for C:\Users\buceda\Documents\GitHub\plomeros\plomeros-mc\config\ruins_config\cave\underground_jungle, creating empty folder for it: failed
[04Jul2026 18:29:25.054] [Thread-34/INFO] [atomicstryker.ruins.common.RuinsMod/]: Did not find any Building data for C:\Users\buceda\Documents\GitHub\plomeros\plomeros-mc\config\ruins_config\cave\fungal_caves, creating empty folder for it: failed
[04Jul2026 18:29:25.055] [Thread-34/INFO] [atomicstryker.ruins.common.RuinsMod/]: Did not find any Building data for C:\Users\buceda\Documents\GitHub\plomeros\plomeros-mc\config\ruins_config\cave\andesite_caves, creating empty folder for it: failed
[04Jul2026 18:29:25.058] [Thread-34/INFO] [atomicstryker.ruins.common.RuinsMod/]: Did not find any Building data for C:\Users\buceda\Documents\GitHub\plomeros\plomeros-mc\config\ruins_config\cave\tuff_caves, creating empty folder for it: failed
[04Jul2026 18:29:25.060] [Thread-34/INFO] [atomicstryker.ruins.common.RuinsMod/]: Loading options from: C:\Users\buceda\Documents\GitHub\plomeros\plomeros-mc\world\dimensions\twilightforest\twilight_forest\data
[04Jul2026 18:29:25.086] [Thread-34/INFO] [atomicstryker.ruins.common.RuinsMod/]: Ruins mod loaded successfully for world .\world\dimensions\twilightforest\twilight_forest\data template files: 7
[04Jul2026 18:29:25.198] [Server thread/INFO] [atomicstryker.ruins.common.RuinsMod/]: Ruins mod determines World Save Dir to be at: .\world\DIM-1\data
[04Jul2026 18:29:25.202] [Thread-36/INFO] [atomicstryker.ruins.common.RuinsMod/]: Successfully loaded template balloontest.tml with weight 7.0.
[04Jul2026 18:29:25.226] [Thread-36/INFO] [atomicstryker.ruins.common.RuinsMod/]: Successfully loaded template castlesmall.tml with weight 1.0.
[04Jul2026 18:29:25.248] [Thread-36/INFO] [atomicstryker.ruins.common.RuinsMod/]: Successfully loaded template fountain.tml with weight 1.0.
[04Jul2026 18:29:25.255] [Thread-36/INFO] [atomicstryker.ruins.common.RuinsMod/]: Successfully loaded template mininghut.tml with weight 1.0.
[04Jul2026 18:29:25.259] [Thread-36/INFO] [atomicstryker.ruins.common.RuinsMod/]: Successfully loaded template netherruin1.tml with weight 1.0.
[04Jul2026 18:29:25.268] [Thread-36/INFO] [atomicstryker.ruins.common.RuinsMod/]: Successfully loaded template netherruin2.tml with weight 1.0.
[04Jul2026 18:29:25.271] [Thread-36/INFO] [atomicstryker.ruins.common.RuinsMod/]: Successfully loaded template pirateship1.tml with weight 6.0.
[04Jul2026 18:29:25.274] [Thread-36/INFO] [atomicstryker.ruins.common.RuinsMod/]: Successfully loaded template randomenchantmenthut.tml with weight 2.0.
[04Jul2026 18:29:25.310] [Server thread/INFO] [atomicstryker.ruins.common.RuinsMod/]: Ruins mod determines World Save Dir to be at: .\world\dimensions\arphex\the_webrooms\data
[04Jul2026 18:29:25.311] [Server thread/INFO] [atomicstryker.ruins.common.RuinsMod/]: Ruins mod determines World Save Dir to be at: .\world\dimensions\ae2\spatial_storage\data
[04Jul2026 18:29:25.313] [Thread-36/INFO] [atomicstryker.ruins.common.RuinsMod/]: Successfully loaded template witherworshipers.tml with weight 1.0.
[04Jul2026 18:29:25.313] [Thread-38/INFO] [atomicstryker.ruins.common.RuinsMod/]: Successfully loaded template balloontest.tml with weight 7.0.
[04Jul2026 18:29:25.313] [Thread-40/INFO] [atomicstryker.ruins.common.RuinsMod/]: Successfully loaded template balloontest.tml with weight 7.0.
[04Jul2026 18:29:25.314] [Server thread/WARN] [net.minecraft.server.MinecraftServer/]: Can't keep up! Is the server overloaded? Running 3455ms or 69 ticks behind
[04Jul2026 18:29:25.315] [Thread-36/INFO] [atomicstryker.ruins.common.RuinsMod/]: Did not find any Building data for C:\Users\buceda\Documents\GitHub\plomeros\plomeros-mc\config\ruins_config\cave\diorite_caves, creating empty folder for it: failed
[04Jul2026 18:29:25.316] [Thread-36/INFO] [atomicstryker.ruins.common.RuinsMod/]: Did not find any Building data for C:\Users\buceda\Documents\GitHub\plomeros\plomeros-mc\config\ruins_config\cave\mantle_caves, creating empty folder for it: failed
[04Jul2026 18:29:25.320] [Thread-36/INFO] [atomicstryker.ruins.common.RuinsMod/]: Did not find any Building data for C:\Users\buceda\Documents\GitHub\plomeros\plomeros-mc\config\ruins_config\cave\thermal_caves, creating empty folder for it: failed
[04Jul2026 18:29:25.321] [Thread-36/INFO] [atomicstryker.ruins.common.RuinsMod/]: Did not find any Building data for C:\Users\buceda\Documents\GitHub\plomeros\plomeros-mc\config\ruins_config\cave\infested_caves, creating empty folder for it: failed
[04Jul2026 18:29:25.322] [Thread-36/INFO] [atomicstryker.ruins.common.RuinsMod/]: Did not find any Building data for C:\Users\buceda\Documents\GitHub\plomeros\plomeros-mc\config\ruins_config\cave\granite_caves, creating empty folder for it: failed
[04Jul2026 18:29:25.322] [Thread-36/INFO] [atomicstryker.ruins.common.RuinsMod/]: Did not find any Building data for C:\Users\buceda\Documents\GitHub\plomeros\plomeros-mc\config\ruins_config\cave\frostfire_caves, creating empty folder for it: failed
[04Jul2026 18:29:25.323] [Thread-36/INFO] [atomicstryker.ruins.common.RuinsMod/]: Did not find any Building data for C:\Users\buceda\Documents\GitHub\plomeros\plomeros-mc\config\ruins_config\cave\deep_caves, creating empty folder for it: failed
[04Jul2026 18:29:25.328] [Thread-36/INFO] [atomicstryker.ruins.common.RuinsMod/]: Did not find any Building data for C:\Users\buceda\Documents\GitHub\plomeros\plomeros-mc\config\ruins_config\cave\underground_jungle, creating empty folder for it: failed
[04Jul2026 18:29:25.329] [Thread-36/INFO] [atomicstryker.ruins.common.RuinsMod/]: Did not find any Building data for C:\Users\buceda\Documents\GitHub\plomeros\plomeros-mc\config\ruins_config\cave\fungal_caves, creating empty folder for it: failed
[04Jul2026 18:29:25.329] [Thread-36/INFO] [atomicstryker.ruins.common.RuinsMod/]: Did not find any Building data for C:\Users\buceda\Documents\GitHub\plomeros\plomeros-mc\config\ruins_config\cave\andesite_caves, creating empty folder for it: failed
[04Jul2026 18:29:25.331] [Thread-40/INFO] [atomicstryker.ruins.common.RuinsMod/]: Successfully loaded template castlesmall.tml with weight 1.0.
[04Jul2026 18:29:25.331] [Thread-36/INFO] [atomicstryker.ruins.common.RuinsMod/]: Did not find any Building data for C:\Users\buceda\Documents\GitHub\plomeros\plomeros-mc\config\ruins_config\cave\tuff_caves, creating empty folder for it: failed
[04Jul2026 18:29:25.332] [Thread-36/INFO] [atomicstryker.ruins.common.RuinsMod/]: Loading options from: C:\Users\buceda\Documents\GitHub\plomeros\plomeros-mc\world\DIM-1\data
[04Jul2026 18:29:25.335] [Thread-38/INFO] [atomicstryker.ruins.common.RuinsMod/]: Successfully loaded template castlesmall.tml with weight 1.0.
[04Jul2026 18:29:25.355] [Thread-40/INFO] [atomicstryker.ruins.common.RuinsMod/]: Successfully loaded template fountain.tml with weight 1.0.
[04Jul2026 18:29:25.355] [Thread-36/INFO] [atomicstryker.ruins.common.RuinsMod/]: Ruins mod loaded successfully for world .\world\DIM-1\data template files: 9
[04Jul2026 18:29:25.356] [Thread-38/INFO] [atomicstryker.ruins.common.RuinsMod/]: Successfully loaded template fountain.tml with weight 1.0.
[04Jul2026 18:29:25.362] [Thread-40/INFO] [atomicstryker.ruins.common.RuinsMod/]: Successfully loaded template mininghut.tml with weight 1.0.
[04Jul2026 18:29:25.363] [Thread-38/INFO] [atomicstryker.ruins.common.RuinsMod/]: Successfully loaded template mininghut.tml with weight 1.0.
[04Jul2026 18:29:25.376] [Thread-38/INFO] [atomicstryker.ruins.common.RuinsMod/]: Successfully loaded template pirateship1.tml with weight 6.0.
[04Jul2026 18:29:25.376] [Thread-40/INFO] [atomicstryker.ruins.common.RuinsMod/]: Successfully loaded template pirateship1.tml with weight 6.0.
[04Jul2026 18:29:25.380] [Thread-38/INFO] [atomicstryker.ruins.common.RuinsMod/]: Successfully loaded template randomenchantmenthut.tml with weight 2.0.
[04Jul2026 18:29:25.380] [Thread-40/INFO] [atomicstryker.ruins.common.RuinsMod/]: Successfully loaded template randomenchantmenthut.tml with weight 2.0.
[04Jul2026 18:29:25.406] [Thread-40/INFO] [atomicstryker.ruins.common.RuinsMod/]: Successfully loaded template witherworshipers.tml with weight 1.0.
[04Jul2026 18:29:25.407] [Thread-38/INFO] [atomicstryker.ruins.common.RuinsMod/]: Successfully loaded template witherworshipers.tml with weight 1.0.
[04Jul2026 18:29:25.408] [Thread-40/INFO] [atomicstryker.ruins.common.RuinsMod/]: Did not find any Building data for C:\Users\buceda\Documents\GitHub\plomeros\plomeros-mc\config\ruins_config\cave\diorite_caves, creating empty folder for it: failed
[04Jul2026 18:29:25.408] [Thread-40/INFO] [atomicstryker.ruins.common.RuinsMod/]: Did not find any Building data for C:\Users\buceda\Documents\GitHub\plomeros\plomeros-mc\config\ruins_config\cave\mantle_caves, creating empty folder for it: failed
[04Jul2026 18:29:25.409] [Thread-38/INFO] [atomicstryker.ruins.common.RuinsMod/]: Did not find any Building data for C:\Users\buceda\Documents\GitHub\plomeros\plomeros-mc\config\ruins_config\cave\diorite_caves, creating empty folder for it: failed
[04Jul2026 18:29:25.410] [Thread-38/INFO] [atomicstryker.ruins.common.RuinsMod/]: Did not find any Building data for C:\Users\buceda\Documents\GitHub\plomeros\plomeros-mc\config\ruins_config\cave\mantle_caves, creating empty folder for it: failed
[04Jul2026 18:29:25.411] [Thread-40/INFO] [atomicstryker.ruins.common.RuinsMod/]: Did not find any Building data for C:\Users\buceda\Documents\GitHub\plomeros\plomeros-mc\config\ruins_config\cave\thermal_caves, creating empty folder for it: failed
[04Jul2026 18:29:25.412] [Thread-38/INFO] [atomicstryker.ruins.common.RuinsMod/]: Did not find any Building data for C:\Users\buceda\Documents\GitHub\plomeros\plomeros-mc\config\ruins_config\cave\thermal_caves, creating empty folder for it: failed
[04Jul2026 18:29:25.414] [Thread-40/INFO] [atomicstryker.ruins.common.RuinsMod/]: Did not find any Building data for C:\Users\buceda\Documents\GitHub\plomeros\plomeros-mc\config\ruins_config\cave\infested_caves, creating empty folder for it: failed
[04Jul2026 18:29:25.414] [Thread-38/INFO] [atomicstryker.ruins.common.RuinsMod/]: Did not find any Building data for C:\Users\buceda\Documents\GitHub\plomeros\plomeros-mc\config\ruins_config\cave\infested_caves, creating empty folder for it: failed
[04Jul2026 18:29:25.414] [Thread-40/INFO] [atomicstryker.ruins.common.RuinsMod/]: Did not find any Building data for C:\Users\buceda\Documents\GitHub\plomeros\plomeros-mc\config\ruins_config\cave\granite_caves, creating empty folder for it: failed
[04Jul2026 18:29:25.415] [Thread-40/INFO] [atomicstryker.ruins.common.RuinsMod/]: Did not find any Building data for C:\Users\buceda\Documents\GitHub\plomeros\plomeros-mc\config\ruins_config\cave\frostfire_caves, creating empty folder for it: failed
[04Jul2026 18:29:25.415] [Thread-38/INFO] [atomicstryker.ruins.common.RuinsMod/]: Did not find any Building data for C:\Users\buceda\Documents\GitHub\plomeros\plomeros-mc\config\ruins_config\cave\granite_caves, creating empty folder for it: failed
[04Jul2026 18:29:25.415] [Thread-38/INFO] [atomicstryker.ruins.common.RuinsMod/]: Did not find any Building data for C:\Users\buceda\Documents\GitHub\plomeros\plomeros-mc\config\ruins_config\cave\frostfire_caves, creating empty folder for it: failed
[04Jul2026 18:29:25.415] [Thread-40/INFO] [atomicstryker.ruins.common.RuinsMod/]: Did not find any Building data for C:\Users\buceda\Documents\GitHub\plomeros\plomeros-mc\config\ruins_config\cave\deep_caves, creating empty folder for it: failed
[04Jul2026 18:29:25.416] [Thread-38/INFO] [atomicstryker.ruins.common.RuinsMod/]: Did not find any Building data for C:\Users\buceda\Documents\GitHub\plomeros\plomeros-mc\config\ruins_config\cave\deep_caves, creating empty folder for it: failed
[04Jul2026 18:29:25.420] [Thread-40/INFO] [atomicstryker.ruins.common.RuinsMod/]: Did not find any Building data for C:\Users\buceda\Documents\GitHub\plomeros\plomeros-mc\config\ruins_config\cave\underground_jungle, creating empty folder for it: failed
[04Jul2026 18:29:25.420] [Thread-38/INFO] [atomicstryker.ruins.common.RuinsMod/]: Did not find any Building data for C:\Users\buceda\Documents\GitHub\plomeros\plomeros-mc\config\ruins_config\cave\underground_jungle, creating empty folder for it: failed
[04Jul2026 18:29:25.421] [Thread-40/INFO] [atomicstryker.ruins.common.RuinsMod/]: Did not find any Building data for C:\Users\buceda\Documents\GitHub\plomeros\plomeros-mc\config\ruins_config\cave\fungal_caves, creating empty folder for it: failed
[04Jul2026 18:29:25.421] [Thread-38/INFO] [atomicstryker.ruins.common.RuinsMod/]: Did not find any Building data for C:\Users\buceda\Documents\GitHub\plomeros\plomeros-mc\config\ruins_config\cave\fungal_caves, creating empty folder for it: failed
[04Jul2026 18:29:25.422] [Thread-38/INFO] [atomicstryker.ruins.common.RuinsMod/]: Did not find any Building data for C:\Users\buceda\Documents\GitHub\plomeros\plomeros-mc\config\ruins_config\cave\andesite_caves, creating empty folder for it: failed
[04Jul2026 18:29:25.422] [Thread-40/INFO] [atomicstryker.ruins.common.RuinsMod/]: Did not find any Building data for C:\Users\buceda\Documents\GitHub\plomeros\plomeros-mc\config\ruins_config\cave\andesite_caves, creating empty folder for it: failed
[04Jul2026 18:29:25.424] [Thread-38/INFO] [atomicstryker.ruins.common.RuinsMod/]: Did not find any Building data for C:\Users\buceda\Documents\GitHub\plomeros\plomeros-mc\config\ruins_config\cave\tuff_caves, creating empty folder for it: failed
[04Jul2026 18:29:25.424] [Thread-40/INFO] [atomicstryker.ruins.common.RuinsMod/]: Did not find any Building data for C:\Users\buceda\Documents\GitHub\plomeros\plomeros-mc\config\ruins_config\cave\tuff_caves, creating empty folder for it: failed
[04Jul2026 18:29:25.425] [Thread-40/INFO] [atomicstryker.ruins.common.RuinsMod/]: Loading options from: C:\Users\buceda\Documents\GitHub\plomeros\plomeros-mc\world\dimensions\ae2\spatial_storage\data
[04Jul2026 18:29:25.425] [Thread-38/INFO] [atomicstryker.ruins.common.RuinsMod/]: Loading options from: C:\Users\buceda\Documents\GitHub\plomeros\plomeros-mc\world\dimensions\arphex\the_webrooms\data
[04Jul2026 18:29:25.440] [Thread-40/INFO] [atomicstryker.ruins.common.RuinsMod/]: Ruins mod loaded successfully for world .\world\dimensions\ae2\spatial_storage\data template files: 7
[04Jul2026 18:29:25.441] [Thread-38/INFO] [atomicstryker.ruins.common.RuinsMod/]: Ruins mod loaded successfully for world .\world\dimensions\arphex\the_webrooms\data template files: 7
[04Jul2026 18:30:55.534] [Server thread/INFO] [net.minecraft.server.MinecraftServer/]: Stopping the server
[04Jul2026 18:30:55.905] [Server thread/INFO] [net.minecraft.server.MinecraftServer/]: Stopping server
[04Jul2026 18:30:55.914] [Server thread/INFO] [PlugManX/]: Disabling PlugManX v3.0.2
[04Jul2026 18:30:55.995] [Server thread/INFO] [Minecraft/]: [Multiverse-Core] Disabling Multiverse-Core v5.4.0
[04Jul2026 18:30:56.054] [Server thread/INFO] [EssentialsChat/]: Disabling EssentialsChat v2.22.0
[04Jul2026 18:30:56.057] [Server thread/INFO] [EssentialsSpawn/]: Disabling EssentialsSpawn v2.22.0
[04Jul2026 18:30:56.060] [Server thread/INFO] [ConsoleSpamFix/]: Disabling ConsoleSpamFix v1.10.0
[04Jul2026 18:30:56.064] [Server thread/INFO] [ConsoleSpamFix/]: Messages hidden since the server started: 38
[04Jul2026 18:30:56.064] [Server thread/INFO] [ConsoleSpamFix/]: ConsoleSpamFix is disabled!
[04Jul2026 18:30:56.066] [Server thread/INFO] [Essentials/]: Disabling Essentials v2.22.0
[04Jul2026 18:30:56.118] [Server thread/INFO] [SkinsRestorer/]: Disabling SkinsRestorer v15.12.4
[04Jul2026 18:30:56.178] [Server thread/INFO] [net.minecraft.server.MinecraftServer/]: Saving players
[04Jul2026 18:30:56.178] [Server thread/INFO] [net.minecraft.server.MinecraftServer/]: Saving worlds
[04Jul2026 18:30:57.358] [Server thread/INFO] [net.minecraft.server.MinecraftServer/]: Saving chunks for level 'ServerLevel[world]'/minecraft:overworld
[04Jul2026 18:30:57.433] [Server thread/INFO] [net.minecraft.server.MinecraftServer/]: Saving chunks for level 'ServerLevel[world/DIM1]'/minecraft:the_end
[04Jul2026 18:30:57.437] [Server thread/INFO] [net.minecraft.server.MinecraftServer/]: Saving chunks for level 'ServerLevel[world/mahoutsukai/reality_marble]'/mahoutsukai:reality_marble
[04Jul2026 18:30:57.457] [Server thread/INFO] [net.minecraft.server.MinecraftServer/]: Saving chunks for level 'ServerLevel[world/arphex/the_crawling]'/arphex:the_crawling
[04Jul2026 18:30:57.460] [Server thread/INFO] [net.minecraft.server.MinecraftServer/]: Saving chunks for level 'ServerLevel[world/twilightforest/twilight_forest]'/twilightforest:twilight_forest
[04Jul2026 18:30:57.462] [Server thread/INFO] [net.minecraft.server.MinecraftServer/]: Saving chunks for level 'ServerLevel[world/DIM-1]'/minecraft:the_nether
[04Jul2026 18:30:57.464] [Server thread/INFO] [net.minecraft.server.MinecraftServer/]: Saving chunks for level 'ServerLevel[world/arphex/the_webrooms]'/arphex:the_webrooms
[04Jul2026 18:30:57.466] [Server thread/INFO] [net.minecraft.server.MinecraftServer/]: Saving chunks for level 'ServerLevel[world/ae2/spatial_storage]'/ae2:spatial_storage
[04Jul2026 18:30:57.611] [Server thread/INFO] [net.minecraft.server.rcon.thread.GenericThread/]: Thread RCON Listener stopped
[04Jul2026 18:31:02.642] [Exit Thread/INFO] [Arclight/]: 3 threads not shutting down correctly, force exiting
